
Insert into APDIGB.TBG000_KIT (CD_KIT,NB_CORREO_ASUNTO,CD_USU_CREA,CD_USU_MODI,FH_CREACION,FH_MODIFICACION,ST_ENV_CORREO,ST_FILEUNICO,FL_VAL_HUELLA,NB_CORREO_ENGINE) values ('020008','¡Bienvenido(a) <CTR0G01> (<CTR0P05>)!',null,null,null,null,'A','A','A','STRTPL');
Insert into APDIGB.TBG000_KIT (CD_KIT,NB_CORREO_ASUNTO,CD_USU_CREA,CD_USU_MODI,FH_CREACION,FH_MODIFICACION,ST_ENV_CORREO,ST_FILEUNICO,FL_VAL_HUELLA,NB_CORREO_ENGINE) values ('020009','¡Bienvenido(a) <CTR0G01> (<CTR0P05>)!',null,null,null,null,'A','A','A','STRTPL');
Insert into APDIGB.TBG000_KIT (CD_KIT,NB_CORREO_ASUNTO,CD_USU_CREA,CD_USU_MODI,FH_CREACION,FH_MODIFICACION,ST_ENV_CORREO,ST_FILEUNICO,FL_VAL_HUELLA,NB_CORREO_ENGINE) values ('020010','¡Bienvenido(a) <CTR0G01> (<CTR0P05>)!',null,null,null,null,'A','A','A','STRTPL');
Insert into APDIGB.TBG000_KIT (CD_KIT,NB_CORREO_ASUNTO,CD_USU_CREA,CD_USU_MODI,FH_CREACION,FH_MODIFICACION,ST_ENV_CORREO,ST_FILEUNICO,FL_VAL_HUELLA,NB_CORREO_ENGINE) values ('020023','¡Bienvenido(a) <CTR0G01> (<CTR0P05>)!',null,null,null,null,'A','A','A','STRTPL');
Insert into APDIGB.TBG000_KIT (CD_KIT,NB_CORREO_ASUNTO,CD_USU_CREA,CD_USU_MODI,FH_CREACION,FH_MODIFICACION,ST_ENV_CORREO,ST_FILEUNICO,FL_VAL_HUELLA,NB_CORREO_ENGINE) values ('020024','¡Bienvenido(a) <CTR0G01> (<CTR0P05>)!',null,null,null,null,'A','A','A','STRTPL');
Insert into APDIGB.TBG000_KIT (CD_KIT,NB_CORREO_ASUNTO,CD_USU_CREA,CD_USU_MODI,FH_CREACION,FH_MODIFICACION,ST_ENV_CORREO,ST_FILEUNICO,FL_VAL_HUELLA,NB_CORREO_ENGINE) values ('020025','¡Bienvenido(a) <CTR0G01> (<CTR0P05>)!',null,null,null,null,'A','A','A','STRTPL');
Insert into APDIGB.TBG000_KIT (CD_KIT,NB_CORREO_ASUNTO,CD_USU_CREA,CD_USU_MODI,FH_CREACION,FH_MODIFICACION,ST_ENV_CORREO,ST_FILEUNICO,FL_VAL_HUELLA,NB_CORREO_ENGINE) values ('020037','¡Bienvenido(a) <CTR0G01> (<CTR0P05>)!',null,null,null,null,'A','A','A','STRTPL');
Insert into APDIGB.TBG000_KIT (CD_KIT,NB_CORREO_ASUNTO,CD_USU_CREA,CD_USU_MODI,FH_CREACION,FH_MODIFICACION,ST_ENV_CORREO,ST_FILEUNICO,FL_VAL_HUELLA,NB_CORREO_ENGINE) values ('020038','¡Bienvenido(a) <CTR0G01> (<CTR0P05>)!',null,null,null,null,'A','A','A','STRTPL');
Insert into APDIGB.TBG000_KIT (CD_KIT,NB_CORREO_ASUNTO,CD_USU_CREA,CD_USU_MODI,FH_CREACION,FH_MODIFICACION,ST_ENV_CORREO,ST_FILEUNICO,FL_VAL_HUELLA,NB_CORREO_ENGINE) values ('020043','¡Bienvenido(a) <CTR0G01> (<CTR0P05>)!',null,null,null,null,'A','A','A','STRTPL');
Insert into APDIGB.TBG000_KIT (CD_KIT,NB_CORREO_ASUNTO,CD_USU_CREA,CD_USU_MODI,FH_CREACION,FH_MODIFICACION,ST_ENV_CORREO,ST_FILEUNICO,FL_VAL_HUELLA,NB_CORREO_ENGINE) values ('020044','¡Bienvenido(a) <CTR0G01> (<CTR0P05>)!',null,null,null,null,'A','A','A','STRTPL');
Insert into APDIGB.TBG000_KIT (CD_KIT,NB_CORREO_ASUNTO,CD_USU_CREA,CD_USU_MODI,FH_CREACION,FH_MODIFICACION,ST_ENV_CORREO,ST_FILEUNICO,FL_VAL_HUELLA,NB_CORREO_ENGINE) values ('020046','¡Bienvenido(a) <CTR0G01> (<CTR0P05>)!',null,null,null,null,'A','A','A','STRTPL');
Insert into APDIGB.TBG000_KIT (CD_KIT,NB_CORREO_ASUNTO,CD_USU_CREA,CD_USU_MODI,FH_CREACION,FH_MODIFICACION,ST_ENV_CORREO,ST_FILEUNICO,FL_VAL_HUELLA,NB_CORREO_ENGINE) values ('020047','¡Bienvenido(a) <CTR0G01> (<CTR0P05>)!',null,null,null,null,'A','A','A','STRTPL');
Insert into APDIGB.TBG000_KIT (CD_KIT,NB_CORREO_ASUNTO,CD_USU_CREA,CD_USU_MODI,FH_CREACION,FH_MODIFICACION,ST_ENV_CORREO,ST_FILEUNICO,FL_VAL_HUELLA,NB_CORREO_ENGINE) values ('020049','¡Bienvenido(a) <CTR0G01> (<CTR0P05>)!',null,null,null,null,'A','A','A','STRTPL');
Insert into APDIGB.TBG000_KIT (CD_KIT,NB_CORREO_ASUNTO,CD_USU_CREA,CD_USU_MODI,FH_CREACION,FH_MODIFICACION,ST_ENV_CORREO,ST_FILEUNICO,FL_VAL_HUELLA,NB_CORREO_ENGINE) values ('020050','¡Bienvenido(a) <CTR0G01> (<CTR0P05>)!',null,null,null,null,'A','A','A','STRTPL');
Insert into APDIGB.TBG000_KIT (CD_KIT,NB_CORREO_ASUNTO,CD_USU_CREA,CD_USU_MODI,FH_CREACION,FH_MODIFICACION,ST_ENV_CORREO,ST_FILEUNICO,FL_VAL_HUELLA,NB_CORREO_ENGINE) values ('020088','¡Bienvenido(a) <CTR0G01> (<CTR0P05>)!',null,null,null,null,'A','A','A','STRTPL');
Insert into APDIGB.TBG000_KIT (CD_KIT,NB_CORREO_ASUNTO,CD_USU_CREA,CD_USU_MODI,FH_CREACION,FH_MODIFICACION,ST_ENV_CORREO,ST_FILEUNICO,FL_VAL_HUELLA,NB_CORREO_ENGINE) values ('020089','¡Bienvenido(a) <CTR0G01> (<CTR0P05>)!',null,null,null,null,'A','A','A','STRTPL');
Insert into APDIGB.TBG000_KIT (CD_KIT,NB_CORREO_ASUNTO,CD_USU_CREA,CD_USU_MODI,FH_CREACION,FH_MODIFICACION,ST_ENV_CORREO,ST_FILEUNICO,FL_VAL_HUELLA,NB_CORREO_ENGINE) values ('020090','¡Bienvenido(a) <CTR0G01> (<CTR0P05>)!',null,null,null,null,'A','A','A','STRTPL');
Insert into APDIGB.TBG000_KIT (CD_KIT,NB_CORREO_ASUNTO,CD_USU_CREA,CD_USU_MODI,FH_CREACION,FH_MODIFICACION,ST_ENV_CORREO,ST_FILEUNICO,FL_VAL_HUELLA,NB_CORREO_ENGINE) values ('020091','¡Bienvenido(a) <CTR0G01> (<CTR0P05>)!',null,null,null,null,'A','A','A','STRTPL');
Insert into APDIGB.TBG000_KIT (CD_KIT,NB_CORREO_ASUNTO,CD_USU_CREA,CD_USU_MODI,FH_CREACION,FH_MODIFICACION,ST_ENV_CORREO,ST_FILEUNICO,FL_VAL_HUELLA,NB_CORREO_ENGINE) values ('020092','¡Bienvenido(a) <CTR0G01> (<CTR0P05>)!',null,null,null,null,'A','A','A','STRTPL');
Insert into APDIGB.TBG000_KIT (CD_KIT,NB_CORREO_ASUNTO,CD_USU_CREA,CD_USU_MODI,FH_CREACION,FH_MODIFICACION,ST_ENV_CORREO,ST_FILEUNICO,FL_VAL_HUELLA,NB_CORREO_ENGINE) values ('020093','¡Bienvenido(a) <CTR0G01> (<CTR0P05>)!',null,null,null,null,'A','A','A','STRTPL');
Insert into APDIGB.TBG000_KIT (CD_KIT,NB_CORREO_ASUNTO,CD_USU_CREA,CD_USU_MODI,FH_CREACION,FH_MODIFICACION,ST_ENV_CORREO,ST_FILEUNICO,FL_VAL_HUELLA,NB_CORREO_ENGINE) values ('020109','¡Bienvenido(a) <CTR0G01> (<CTR0P05>)!',null,null,null,null,'A','A','A','STRTPL');
Insert into APDIGB.TBG000_KIT (CD_KIT,NB_CORREO_ASUNTO,CD_USU_CREA,CD_USU_MODI,FH_CREACION,FH_MODIFICACION,ST_ENV_CORREO,ST_FILEUNICO,FL_VAL_HUELLA,NB_CORREO_ENGINE) values ('020110','¡Bienvenido(a) <CTR0G01> (<CTR0P05>)!',null,null,null,null,'A','A','A','STRTPL');
Insert into APDIGB.TBG000_KIT (CD_KIT,NB_CORREO_ASUNTO,CD_USU_CREA,CD_USU_MODI,FH_CREACION,FH_MODIFICACION,ST_ENV_CORREO,ST_FILEUNICO,FL_VAL_HUELLA,NB_CORREO_ENGINE) values ('070002','¡Bienvenido(a) <CTR0G01> (<CTR0P05>)!',null,null,null,null,'A','A','A','STRTPL');
Insert into APDIGB.TBG000_KIT (CD_KIT,NB_CORREO_ASUNTO,CD_USU_CREA,CD_USU_MODI,FH_CREACION,FH_MODIFICACION,ST_ENV_CORREO,ST_FILEUNICO,FL_VAL_HUELLA,NB_CORREO_ENGINE) values ('070001','¡Bienvenido(a) <CTR0G01> (<CTR0P05>)!',null,null,null,null,'A','A','A','STRTPL');

Insert into APDIGB.TBG001_KIT_PLANTILLA (CD_KIT,CD_PLANTILLA,CD_USU_CREA,CD_USU_MODI,FH_CREACION,FH_MODIFICACION) values ('070001','2',null,null,null,null);
Insert into APDIGB.TBG001_KIT_PLANTILLA (CD_KIT,CD_PLANTILLA,CD_USU_CREA,CD_USU_MODI,FH_CREACION,FH_MODIFICACION) values ('070002','2',null,null,null,null);
Insert into APDIGB.TBG001_KIT_PLANTILLA (CD_KIT,CD_PLANTILLA,CD_USU_CREA,CD_USU_MODI,FH_CREACION,FH_MODIFICACION) values ('070001','3',null,null,null,null);
Insert into APDIGB.TBG001_KIT_PLANTILLA (CD_KIT,CD_PLANTILLA,CD_USU_CREA,CD_USU_MODI,FH_CREACION,FH_MODIFICACION) values ('070001','4',null,null,null,null);
Insert into APDIGB.TBG001_KIT_PLANTILLA (CD_KIT,CD_PLANTILLA,CD_USU_CREA,CD_USU_MODI,FH_CREACION,FH_MODIFICACION) values ('070002','3',null,null,null,null);
Insert into APDIGB.TBG001_KIT_PLANTILLA (CD_KIT,CD_PLANTILLA,CD_USU_CREA,CD_USU_MODI,FH_CREACION,FH_MODIFICACION) values ('070002','4',null,null,null,null);
Insert into APDIGB.TBG001_KIT_PLANTILLA (CD_KIT,CD_PLANTILLA,CD_USU_CREA,CD_USU_MODI,FH_CREACION,FH_MODIFICACION) values ('020008','2',null,null,null,null);
Insert into APDIGB.TBG001_KIT_PLANTILLA (CD_KIT,CD_PLANTILLA,CD_USU_CREA,CD_USU_MODI,FH_CREACION,FH_MODIFICACION) values ('020008','3',null,null,null,null);
Insert into APDIGB.TBG001_KIT_PLANTILLA (CD_KIT,CD_PLANTILLA,CD_USU_CREA,CD_USU_MODI,FH_CREACION,FH_MODIFICACION) values ('020008','4',null,null,null,null);
Insert into APDIGB.TBG001_KIT_PLANTILLA (CD_KIT,CD_PLANTILLA,CD_USU_CREA,CD_USU_MODI,FH_CREACION,FH_MODIFICACION) values ('020008','5',null,null,null,null);
Insert into APDIGB.TBG001_KIT_PLANTILLA (CD_KIT,CD_PLANTILLA,CD_USU_CREA,CD_USU_MODI,FH_CREACION,FH_MODIFICACION) values ('020008','6',null,null,null,null);
Insert into APDIGB.TBG001_KIT_PLANTILLA (CD_KIT,CD_PLANTILLA,CD_USU_CREA,CD_USU_MODI,FH_CREACION,FH_MODIFICACION) values ('020008','7',null,null,null,null);
Insert into APDIGB.TBG001_KIT_PLANTILLA (CD_KIT,CD_PLANTILLA,CD_USU_CREA,CD_USU_MODI,FH_CREACION,FH_MODIFICACION) values ('020008','9',null,null,null,null);
Insert into APDIGB.TBG001_KIT_PLANTILLA (CD_KIT,CD_PLANTILLA,CD_USU_CREA,CD_USU_MODI,FH_CREACION,FH_MODIFICACION) values ('020008','10',null,null,null,null);
Insert into APDIGB.TBG001_KIT_PLANTILLA (CD_KIT,CD_PLANTILLA,CD_USU_CREA,CD_USU_MODI,FH_CREACION,FH_MODIFICACION) values ('020008','14',null,null,null,null);
Insert into APDIGB.TBG001_KIT_PLANTILLA (CD_KIT,CD_PLANTILLA,CD_USU_CREA,CD_USU_MODI,FH_CREACION,FH_MODIFICACION) values ('020008','18',null,null,null,null);
Insert into APDIGB.TBG001_KIT_PLANTILLA (CD_KIT,CD_PLANTILLA,CD_USU_CREA,CD_USU_MODI,FH_CREACION,FH_MODIFICACION) values ('020008','19',null,null,null,null);
Insert into APDIGB.TBG001_KIT_PLANTILLA (CD_KIT,CD_PLANTILLA,CD_USU_CREA,CD_USU_MODI,FH_CREACION,FH_MODIFICACION) values ('020008','20',null,null,null,null);
Insert into APDIGB.TBG001_KIT_PLANTILLA (CD_KIT,CD_PLANTILLA,CD_USU_CREA,CD_USU_MODI,FH_CREACION,FH_MODIFICACION) values ('020008','23',null,null,null,null);
Insert into APDIGB.TBG001_KIT_PLANTILLA (CD_KIT,CD_PLANTILLA,CD_USU_CREA,CD_USU_MODI,FH_CREACION,FH_MODIFICACION) values ('020009','1',null,null,null,null);
Insert into APDIGB.TBG001_KIT_PLANTILLA (CD_KIT,CD_PLANTILLA,CD_USU_CREA,CD_USU_MODI,FH_CREACION,FH_MODIFICACION) values ('020009','2',null,null,null,null);
Insert into APDIGB.TBG001_KIT_PLANTILLA (CD_KIT,CD_PLANTILLA,CD_USU_CREA,CD_USU_MODI,FH_CREACION,FH_MODIFICACION) values ('020009','3',null,null,null,null);
Insert into APDIGB.TBG001_KIT_PLANTILLA (CD_KIT,CD_PLANTILLA,CD_USU_CREA,CD_USU_MODI,FH_CREACION,FH_MODIFICACION) values ('020009','4',null,null,null,null);
Insert into APDIGB.TBG001_KIT_PLANTILLA (CD_KIT,CD_PLANTILLA,CD_USU_CREA,CD_USU_MODI,FH_CREACION,FH_MODIFICACION) values ('020009','5',null,null,null,null);
Insert into APDIGB.TBG001_KIT_PLANTILLA (CD_KIT,CD_PLANTILLA,CD_USU_CREA,CD_USU_MODI,FH_CREACION,FH_MODIFICACION) values ('020009','6',null,null,null,null);
Insert into APDIGB.TBG001_KIT_PLANTILLA (CD_KIT,CD_PLANTILLA,CD_USU_CREA,CD_USU_MODI,FH_CREACION,FH_MODIFICACION) values ('020009','7',null,null,null,null);
Insert into APDIGB.TBG001_KIT_PLANTILLA (CD_KIT,CD_PLANTILLA,CD_USU_CREA,CD_USU_MODI,FH_CREACION,FH_MODIFICACION) values ('020009','9',null,null,null,null);
Insert into APDIGB.TBG001_KIT_PLANTILLA (CD_KIT,CD_PLANTILLA,CD_USU_CREA,CD_USU_MODI,FH_CREACION,FH_MODIFICACION) values ('020009','10',null,null,null,null);
Insert into APDIGB.TBG001_KIT_PLANTILLA (CD_KIT,CD_PLANTILLA,CD_USU_CREA,CD_USU_MODI,FH_CREACION,FH_MODIFICACION) values ('020009','18',null,null,null,null);
Insert into APDIGB.TBG001_KIT_PLANTILLA (CD_KIT,CD_PLANTILLA,CD_USU_CREA,CD_USU_MODI,FH_CREACION,FH_MODIFICACION) values ('020009','19',null,null,null,null);
Insert into APDIGB.TBG001_KIT_PLANTILLA (CD_KIT,CD_PLANTILLA,CD_USU_CREA,CD_USU_MODI,FH_CREACION,FH_MODIFICACION) values ('020009','20',null,null,null,null);
Insert into APDIGB.TBG001_KIT_PLANTILLA (CD_KIT,CD_PLANTILLA,CD_USU_CREA,CD_USU_MODI,FH_CREACION,FH_MODIFICACION) values ('020009','23',null,null,null,null);
Insert into APDIGB.TBG001_KIT_PLANTILLA (CD_KIT,CD_PLANTILLA,CD_USU_CREA,CD_USU_MODI,FH_CREACION,FH_MODIFICACION) values ('020010','1',null,null,null,null);
Insert into APDIGB.TBG001_KIT_PLANTILLA (CD_KIT,CD_PLANTILLA,CD_USU_CREA,CD_USU_MODI,FH_CREACION,FH_MODIFICACION) values ('020010','2',null,null,null,null);
Insert into APDIGB.TBG001_KIT_PLANTILLA (CD_KIT,CD_PLANTILLA,CD_USU_CREA,CD_USU_MODI,FH_CREACION,FH_MODIFICACION) values ('020010','3',null,null,null,null);
Insert into APDIGB.TBG001_KIT_PLANTILLA (CD_KIT,CD_PLANTILLA,CD_USU_CREA,CD_USU_MODI,FH_CREACION,FH_MODIFICACION) values ('020010','4',null,null,null,null);
Insert into APDIGB.TBG001_KIT_PLANTILLA (CD_KIT,CD_PLANTILLA,CD_USU_CREA,CD_USU_MODI,FH_CREACION,FH_MODIFICACION) values ('020010','5',null,null,null,null);
Insert into APDIGB.TBG001_KIT_PLANTILLA (CD_KIT,CD_PLANTILLA,CD_USU_CREA,CD_USU_MODI,FH_CREACION,FH_MODIFICACION) values ('020010','6',null,null,null,null);
Insert into APDIGB.TBG001_KIT_PLANTILLA (CD_KIT,CD_PLANTILLA,CD_USU_CREA,CD_USU_MODI,FH_CREACION,FH_MODIFICACION) values ('020010','7',null,null,null,null);
Insert into APDIGB.TBG001_KIT_PLANTILLA (CD_KIT,CD_PLANTILLA,CD_USU_CREA,CD_USU_MODI,FH_CREACION,FH_MODIFICACION) values ('020010','9',null,null,null,null);
Insert into APDIGB.TBG001_KIT_PLANTILLA (CD_KIT,CD_PLANTILLA,CD_USU_CREA,CD_USU_MODI,FH_CREACION,FH_MODIFICACION) values ('020010','10',null,null,null,null);
Insert into APDIGB.TBG001_KIT_PLANTILLA (CD_KIT,CD_PLANTILLA,CD_USU_CREA,CD_USU_MODI,FH_CREACION,FH_MODIFICACION) values ('020010','18',null,null,null,null);
Insert into APDIGB.TBG001_KIT_PLANTILLA (CD_KIT,CD_PLANTILLA,CD_USU_CREA,CD_USU_MODI,FH_CREACION,FH_MODIFICACION) values ('020010','19',null,null,null,null);
Insert into APDIGB.TBG001_KIT_PLANTILLA (CD_KIT,CD_PLANTILLA,CD_USU_CREA,CD_USU_MODI,FH_CREACION,FH_MODIFICACION) values ('020010','20',null,null,null,null);
Insert into APDIGB.TBG001_KIT_PLANTILLA (CD_KIT,CD_PLANTILLA,CD_USU_CREA,CD_USU_MODI,FH_CREACION,FH_MODIFICACION) values ('020010','23',null,null,null,null);
Insert into APDIGB.TBG001_KIT_PLANTILLA (CD_KIT,CD_PLANTILLA,CD_USU_CREA,CD_USU_MODI,FH_CREACION,FH_MODIFICACION) values ('020023','1',null,null,null,null);
Insert into APDIGB.TBG001_KIT_PLANTILLA (CD_KIT,CD_PLANTILLA,CD_USU_CREA,CD_USU_MODI,FH_CREACION,FH_MODIFICACION) values ('020023','2',null,null,null,null);
Insert into APDIGB.TBG001_KIT_PLANTILLA (CD_KIT,CD_PLANTILLA,CD_USU_CREA,CD_USU_MODI,FH_CREACION,FH_MODIFICACION) values ('020023','3',null,null,null,null);
Insert into APDIGB.TBG001_KIT_PLANTILLA (CD_KIT,CD_PLANTILLA,CD_USU_CREA,CD_USU_MODI,FH_CREACION,FH_MODIFICACION) values ('020023','4',null,null,null,null);
Insert into APDIGB.TBG001_KIT_PLANTILLA (CD_KIT,CD_PLANTILLA,CD_USU_CREA,CD_USU_MODI,FH_CREACION,FH_MODIFICACION) values ('020023','5',null,null,null,null);
Insert into APDIGB.TBG001_KIT_PLANTILLA (CD_KIT,CD_PLANTILLA,CD_USU_CREA,CD_USU_MODI,FH_CREACION,FH_MODIFICACION) values ('020023','6',null,null,null,null);
Insert into APDIGB.TBG001_KIT_PLANTILLA (CD_KIT,CD_PLANTILLA,CD_USU_CREA,CD_USU_MODI,FH_CREACION,FH_MODIFICACION) values ('020023','7',null,null,null,null);
Insert into APDIGB.TBG001_KIT_PLANTILLA (CD_KIT,CD_PLANTILLA,CD_USU_CREA,CD_USU_MODI,FH_CREACION,FH_MODIFICACION) values ('020023','9',null,null,null,null);
Insert into APDIGB.TBG001_KIT_PLANTILLA (CD_KIT,CD_PLANTILLA,CD_USU_CREA,CD_USU_MODI,FH_CREACION,FH_MODIFICACION) values ('020023','10',null,null,null,null);
Insert into APDIGB.TBG001_KIT_PLANTILLA (CD_KIT,CD_PLANTILLA,CD_USU_CREA,CD_USU_MODI,FH_CREACION,FH_MODIFICACION) values ('020023','18',null,null,null,null);
Insert into APDIGB.TBG001_KIT_PLANTILLA (CD_KIT,CD_PLANTILLA,CD_USU_CREA,CD_USU_MODI,FH_CREACION,FH_MODIFICACION) values ('020023','19',null,null,null,null);
Insert into APDIGB.TBG001_KIT_PLANTILLA (CD_KIT,CD_PLANTILLA,CD_USU_CREA,CD_USU_MODI,FH_CREACION,FH_MODIFICACION) values ('020023','20',null,null,null,null);
Insert into APDIGB.TBG001_KIT_PLANTILLA (CD_KIT,CD_PLANTILLA,CD_USU_CREA,CD_USU_MODI,FH_CREACION,FH_MODIFICACION) values ('020023','23',null,null,null,null);
Insert into APDIGB.TBG001_KIT_PLANTILLA (CD_KIT,CD_PLANTILLA,CD_USU_CREA,CD_USU_MODI,FH_CREACION,FH_MODIFICACION) values ('020024','1',null,null,null,null);
Insert into APDIGB.TBG001_KIT_PLANTILLA (CD_KIT,CD_PLANTILLA,CD_USU_CREA,CD_USU_MODI,FH_CREACION,FH_MODIFICACION) values ('020024','2',null,null,null,null);
Insert into APDIGB.TBG001_KIT_PLANTILLA (CD_KIT,CD_PLANTILLA,CD_USU_CREA,CD_USU_MODI,FH_CREACION,FH_MODIFICACION) values ('020024','3',null,null,null,null);
Insert into APDIGB.TBG001_KIT_PLANTILLA (CD_KIT,CD_PLANTILLA,CD_USU_CREA,CD_USU_MODI,FH_CREACION,FH_MODIFICACION) values ('020024','4',null,null,null,null);
Insert into APDIGB.TBG001_KIT_PLANTILLA (CD_KIT,CD_PLANTILLA,CD_USU_CREA,CD_USU_MODI,FH_CREACION,FH_MODIFICACION) values ('020024','5',null,null,null,null);
Insert into APDIGB.TBG001_KIT_PLANTILLA (CD_KIT,CD_PLANTILLA,CD_USU_CREA,CD_USU_MODI,FH_CREACION,FH_MODIFICACION) values ('020024','6',null,null,null,null);
Insert into APDIGB.TBG001_KIT_PLANTILLA (CD_KIT,CD_PLANTILLA,CD_USU_CREA,CD_USU_MODI,FH_CREACION,FH_MODIFICACION) values ('020024','7',null,null,null,null);
Insert into APDIGB.TBG001_KIT_PLANTILLA (CD_KIT,CD_PLANTILLA,CD_USU_CREA,CD_USU_MODI,FH_CREACION,FH_MODIFICACION) values ('020024','9',null,null,null,null);
Insert into APDIGB.TBG001_KIT_PLANTILLA (CD_KIT,CD_PLANTILLA,CD_USU_CREA,CD_USU_MODI,FH_CREACION,FH_MODIFICACION) values ('020024','10',null,null,null,null);
Insert into APDIGB.TBG001_KIT_PLANTILLA (CD_KIT,CD_PLANTILLA,CD_USU_CREA,CD_USU_MODI,FH_CREACION,FH_MODIFICACION) values ('020024','18',null,null,null,null);
Insert into APDIGB.TBG001_KIT_PLANTILLA (CD_KIT,CD_PLANTILLA,CD_USU_CREA,CD_USU_MODI,FH_CREACION,FH_MODIFICACION) values ('020024','19',null,null,null,null);
Insert into APDIGB.TBG001_KIT_PLANTILLA (CD_KIT,CD_PLANTILLA,CD_USU_CREA,CD_USU_MODI,FH_CREACION,FH_MODIFICACION) values ('020024','20',null,null,null,null);
Insert into APDIGB.TBG001_KIT_PLANTILLA (CD_KIT,CD_PLANTILLA,CD_USU_CREA,CD_USU_MODI,FH_CREACION,FH_MODIFICACION) values ('020024','23',null,null,null,null);
Insert into APDIGB.TBG001_KIT_PLANTILLA (CD_KIT,CD_PLANTILLA,CD_USU_CREA,CD_USU_MODI,FH_CREACION,FH_MODIFICACION) values ('020025','2',null,null,null,null);
Insert into APDIGB.TBG001_KIT_PLANTILLA (CD_KIT,CD_PLANTILLA,CD_USU_CREA,CD_USU_MODI,FH_CREACION,FH_MODIFICACION) values ('020025','3',null,null,null,null);
Insert into APDIGB.TBG001_KIT_PLANTILLA (CD_KIT,CD_PLANTILLA,CD_USU_CREA,CD_USU_MODI,FH_CREACION,FH_MODIFICACION) values ('020025','4',null,null,null,null);
Insert into APDIGB.TBG001_KIT_PLANTILLA (CD_KIT,CD_PLANTILLA,CD_USU_CREA,CD_USU_MODI,FH_CREACION,FH_MODIFICACION) values ('020025','5',null,null,null,null);
Insert into APDIGB.TBG001_KIT_PLANTILLA (CD_KIT,CD_PLANTILLA,CD_USU_CREA,CD_USU_MODI,FH_CREACION,FH_MODIFICACION) values ('020025','6',null,null,null,null);
Insert into APDIGB.TBG001_KIT_PLANTILLA (CD_KIT,CD_PLANTILLA,CD_USU_CREA,CD_USU_MODI,FH_CREACION,FH_MODIFICACION) values ('020025','7',null,null,null,null);
Insert into APDIGB.TBG001_KIT_PLANTILLA (CD_KIT,CD_PLANTILLA,CD_USU_CREA,CD_USU_MODI,FH_CREACION,FH_MODIFICACION) values ('020025','9',null,null,null,null);
Insert into APDIGB.TBG001_KIT_PLANTILLA (CD_KIT,CD_PLANTILLA,CD_USU_CREA,CD_USU_MODI,FH_CREACION,FH_MODIFICACION) values ('020025','10',null,null,null,null);
Insert into APDIGB.TBG001_KIT_PLANTILLA (CD_KIT,CD_PLANTILLA,CD_USU_CREA,CD_USU_MODI,FH_CREACION,FH_MODIFICACION) values ('020025','14',null,null,null,null);
Insert into APDIGB.TBG001_KIT_PLANTILLA (CD_KIT,CD_PLANTILLA,CD_USU_CREA,CD_USU_MODI,FH_CREACION,FH_MODIFICACION) values ('020025','18',null,null,null,null);
Insert into APDIGB.TBG001_KIT_PLANTILLA (CD_KIT,CD_PLANTILLA,CD_USU_CREA,CD_USU_MODI,FH_CREACION,FH_MODIFICACION) values ('020025','19',null,null,null,null);
Insert into APDIGB.TBG001_KIT_PLANTILLA (CD_KIT,CD_PLANTILLA,CD_USU_CREA,CD_USU_MODI,FH_CREACION,FH_MODIFICACION) values ('020025','20',null,null,null,null);
Insert into APDIGB.TBG001_KIT_PLANTILLA (CD_KIT,CD_PLANTILLA,CD_USU_CREA,CD_USU_MODI,FH_CREACION,FH_MODIFICACION) values ('020025','23',null,null,null,null);
Insert into APDIGB.TBG001_KIT_PLANTILLA (CD_KIT,CD_PLANTILLA,CD_USU_CREA,CD_USU_MODI,FH_CREACION,FH_MODIFICACION) values ('020037','2',null,null,null,null);
Insert into APDIGB.TBG001_KIT_PLANTILLA (CD_KIT,CD_PLANTILLA,CD_USU_CREA,CD_USU_MODI,FH_CREACION,FH_MODIFICACION) values ('020037','3',null,null,null,null);
Insert into APDIGB.TBG001_KIT_PLANTILLA (CD_KIT,CD_PLANTILLA,CD_USU_CREA,CD_USU_MODI,FH_CREACION,FH_MODIFICACION) values ('020037','4',null,null,null,null);
Insert into APDIGB.TBG001_KIT_PLANTILLA (CD_KIT,CD_PLANTILLA,CD_USU_CREA,CD_USU_MODI,FH_CREACION,FH_MODIFICACION) values ('020037','5',null,null,null,null);
Insert into APDIGB.TBG001_KIT_PLANTILLA (CD_KIT,CD_PLANTILLA,CD_USU_CREA,CD_USU_MODI,FH_CREACION,FH_MODIFICACION) values ('020037','6',null,null,null,null);
Insert into APDIGB.TBG001_KIT_PLANTILLA (CD_KIT,CD_PLANTILLA,CD_USU_CREA,CD_USU_MODI,FH_CREACION,FH_MODIFICACION) values ('020037','7',null,null,null,null);
Insert into APDIGB.TBG001_KIT_PLANTILLA (CD_KIT,CD_PLANTILLA,CD_USU_CREA,CD_USU_MODI,FH_CREACION,FH_MODIFICACION) values ('020037','9',null,null,null,null);
Insert into APDIGB.TBG001_KIT_PLANTILLA (CD_KIT,CD_PLANTILLA,CD_USU_CREA,CD_USU_MODI,FH_CREACION,FH_MODIFICACION) values ('020037','10',null,null,null,null);
Insert into APDIGB.TBG001_KIT_PLANTILLA (CD_KIT,CD_PLANTILLA,CD_USU_CREA,CD_USU_MODI,FH_CREACION,FH_MODIFICACION) values ('020037','15',null,null,null,null);
Insert into APDIGB.TBG001_KIT_PLANTILLA (CD_KIT,CD_PLANTILLA,CD_USU_CREA,CD_USU_MODI,FH_CREACION,FH_MODIFICACION) values ('020037','18',null,null,null,null);
Insert into APDIGB.TBG001_KIT_PLANTILLA (CD_KIT,CD_PLANTILLA,CD_USU_CREA,CD_USU_MODI,FH_CREACION,FH_MODIFICACION) values ('020037','19',null,null,null,null);
Insert into APDIGB.TBG001_KIT_PLANTILLA (CD_KIT,CD_PLANTILLA,CD_USU_CREA,CD_USU_MODI,FH_CREACION,FH_MODIFICACION) values ('020037','20',null,null,null,null);
Insert into APDIGB.TBG001_KIT_PLANTILLA (CD_KIT,CD_PLANTILLA,CD_USU_CREA,CD_USU_MODI,FH_CREACION,FH_MODIFICACION) values ('020037','23',null,null,null,null);
Insert into APDIGB.TBG001_KIT_PLANTILLA (CD_KIT,CD_PLANTILLA,CD_USU_CREA,CD_USU_MODI,FH_CREACION,FH_MODIFICACION) values ('020038','2',null,null,null,null);
Insert into APDIGB.TBG001_KIT_PLANTILLA (CD_KIT,CD_PLANTILLA,CD_USU_CREA,CD_USU_MODI,FH_CREACION,FH_MODIFICACION) values ('020038','3',null,null,null,null);
Insert into APDIGB.TBG001_KIT_PLANTILLA (CD_KIT,CD_PLANTILLA,CD_USU_CREA,CD_USU_MODI,FH_CREACION,FH_MODIFICACION) values ('020038','4',null,null,null,null);
Insert into APDIGB.TBG001_KIT_PLANTILLA (CD_KIT,CD_PLANTILLA,CD_USU_CREA,CD_USU_MODI,FH_CREACION,FH_MODIFICACION) values ('020038','5',null,null,null,null);
Insert into APDIGB.TBG001_KIT_PLANTILLA (CD_KIT,CD_PLANTILLA,CD_USU_CREA,CD_USU_MODI,FH_CREACION,FH_MODIFICACION) values ('020038','6',null,null,null,null);
Insert into APDIGB.TBG001_KIT_PLANTILLA (CD_KIT,CD_PLANTILLA,CD_USU_CREA,CD_USU_MODI,FH_CREACION,FH_MODIFICACION) values ('020038','7',null,null,null,null);
Insert into APDIGB.TBG001_KIT_PLANTILLA (CD_KIT,CD_PLANTILLA,CD_USU_CREA,CD_USU_MODI,FH_CREACION,FH_MODIFICACION) values ('020038','9',null,null,null,null);
Insert into APDIGB.TBG001_KIT_PLANTILLA (CD_KIT,CD_PLANTILLA,CD_USU_CREA,CD_USU_MODI,FH_CREACION,FH_MODIFICACION) values ('020038','10',null,null,null,null);
Insert into APDIGB.TBG001_KIT_PLANTILLA (CD_KIT,CD_PLANTILLA,CD_USU_CREA,CD_USU_MODI,FH_CREACION,FH_MODIFICACION) values ('020038','15',null,null,null,null);
Insert into APDIGB.TBG001_KIT_PLANTILLA (CD_KIT,CD_PLANTILLA,CD_USU_CREA,CD_USU_MODI,FH_CREACION,FH_MODIFICACION) values ('020038','18',null,null,null,null);
Insert into APDIGB.TBG001_KIT_PLANTILLA (CD_KIT,CD_PLANTILLA,CD_USU_CREA,CD_USU_MODI,FH_CREACION,FH_MODIFICACION) values ('020038','19',null,null,null,null);
Insert into APDIGB.TBG001_KIT_PLANTILLA (CD_KIT,CD_PLANTILLA,CD_USU_CREA,CD_USU_MODI,FH_CREACION,FH_MODIFICACION) values ('020038','20',null,null,null,null);
Insert into APDIGB.TBG001_KIT_PLANTILLA (CD_KIT,CD_PLANTILLA,CD_USU_CREA,CD_USU_MODI,FH_CREACION,FH_MODIFICACION) values ('020038','23',null,null,null,null);
Insert into APDIGB.TBG001_KIT_PLANTILLA (CD_KIT,CD_PLANTILLA,CD_USU_CREA,CD_USU_MODI,FH_CREACION,FH_MODIFICACION) values ('020043','2',null,null,null,null);
Insert into APDIGB.TBG001_KIT_PLANTILLA (CD_KIT,CD_PLANTILLA,CD_USU_CREA,CD_USU_MODI,FH_CREACION,FH_MODIFICACION) values ('020043','3',null,null,null,null);
Insert into APDIGB.TBG001_KIT_PLANTILLA (CD_KIT,CD_PLANTILLA,CD_USU_CREA,CD_USU_MODI,FH_CREACION,FH_MODIFICACION) values ('020043','4',null,null,null,null);
Insert into APDIGB.TBG001_KIT_PLANTILLA (CD_KIT,CD_PLANTILLA,CD_USU_CREA,CD_USU_MODI,FH_CREACION,FH_MODIFICACION) values ('020043','5',null,null,null,null);
Insert into APDIGB.TBG001_KIT_PLANTILLA (CD_KIT,CD_PLANTILLA,CD_USU_CREA,CD_USU_MODI,FH_CREACION,FH_MODIFICACION) values ('020043','6',null,null,null,null);
Insert into APDIGB.TBG001_KIT_PLANTILLA (CD_KIT,CD_PLANTILLA,CD_USU_CREA,CD_USU_MODI,FH_CREACION,FH_MODIFICACION) values ('020043','7',null,null,null,null);
Insert into APDIGB.TBG001_KIT_PLANTILLA (CD_KIT,CD_PLANTILLA,CD_USU_CREA,CD_USU_MODI,FH_CREACION,FH_MODIFICACION) values ('020043','9',null,null,null,null);
Insert into APDIGB.TBG001_KIT_PLANTILLA (CD_KIT,CD_PLANTILLA,CD_USU_CREA,CD_USU_MODI,FH_CREACION,FH_MODIFICACION) values ('020043','10',null,null,null,null);
Insert into APDIGB.TBG001_KIT_PLANTILLA (CD_KIT,CD_PLANTILLA,CD_USU_CREA,CD_USU_MODI,FH_CREACION,FH_MODIFICACION) values ('020043','13',null,null,null,null);
Insert into APDIGB.TBG001_KIT_PLANTILLA (CD_KIT,CD_PLANTILLA,CD_USU_CREA,CD_USU_MODI,FH_CREACION,FH_MODIFICACION) values ('020043','18',null,null,null,null);
Insert into APDIGB.TBG001_KIT_PLANTILLA (CD_KIT,CD_PLANTILLA,CD_USU_CREA,CD_USU_MODI,FH_CREACION,FH_MODIFICACION) values ('020043','19',null,null,null,null);
Insert into APDIGB.TBG001_KIT_PLANTILLA (CD_KIT,CD_PLANTILLA,CD_USU_CREA,CD_USU_MODI,FH_CREACION,FH_MODIFICACION) values ('020043','20',null,null,null,null);
Insert into APDIGB.TBG001_KIT_PLANTILLA (CD_KIT,CD_PLANTILLA,CD_USU_CREA,CD_USU_MODI,FH_CREACION,FH_MODIFICACION) values ('020043','23',null,null,null,null);
Insert into APDIGB.TBG001_KIT_PLANTILLA (CD_KIT,CD_PLANTILLA,CD_USU_CREA,CD_USU_MODI,FH_CREACION,FH_MODIFICACION) values ('020044','2',null,null,null,null);
Insert into APDIGB.TBG001_KIT_PLANTILLA (CD_KIT,CD_PLANTILLA,CD_USU_CREA,CD_USU_MODI,FH_CREACION,FH_MODIFICACION) values ('020044','3',null,null,null,null);
Insert into APDIGB.TBG001_KIT_PLANTILLA (CD_KIT,CD_PLANTILLA,CD_USU_CREA,CD_USU_MODI,FH_CREACION,FH_MODIFICACION) values ('020044','4',null,null,null,null);
Insert into APDIGB.TBG001_KIT_PLANTILLA (CD_KIT,CD_PLANTILLA,CD_USU_CREA,CD_USU_MODI,FH_CREACION,FH_MODIFICACION) values ('020044','5',null,null,null,null);
Insert into APDIGB.TBG001_KIT_PLANTILLA (CD_KIT,CD_PLANTILLA,CD_USU_CREA,CD_USU_MODI,FH_CREACION,FH_MODIFICACION) values ('020044','6',null,null,null,null);
Insert into APDIGB.TBG001_KIT_PLANTILLA (CD_KIT,CD_PLANTILLA,CD_USU_CREA,CD_USU_MODI,FH_CREACION,FH_MODIFICACION) values ('020044','7',null,null,null,null);
Insert into APDIGB.TBG001_KIT_PLANTILLA (CD_KIT,CD_PLANTILLA,CD_USU_CREA,CD_USU_MODI,FH_CREACION,FH_MODIFICACION) values ('020044','9',null,null,null,null);
Insert into APDIGB.TBG001_KIT_PLANTILLA (CD_KIT,CD_PLANTILLA,CD_USU_CREA,CD_USU_MODI,FH_CREACION,FH_MODIFICACION) values ('020044','10',null,null,null,null);
Insert into APDIGB.TBG001_KIT_PLANTILLA (CD_KIT,CD_PLANTILLA,CD_USU_CREA,CD_USU_MODI,FH_CREACION,FH_MODIFICACION) values ('020044','13',null,null,null,null);
Insert into APDIGB.TBG001_KIT_PLANTILLA (CD_KIT,CD_PLANTILLA,CD_USU_CREA,CD_USU_MODI,FH_CREACION,FH_MODIFICACION) values ('020044','18',null,null,null,null);
Insert into APDIGB.TBG001_KIT_PLANTILLA (CD_KIT,CD_PLANTILLA,CD_USU_CREA,CD_USU_MODI,FH_CREACION,FH_MODIFICACION) values ('020044','19',null,null,null,null);
Insert into APDIGB.TBG001_KIT_PLANTILLA (CD_KIT,CD_PLANTILLA,CD_USU_CREA,CD_USU_MODI,FH_CREACION,FH_MODIFICACION) values ('020044','20',null,null,null,null);
Insert into APDIGB.TBG001_KIT_PLANTILLA (CD_KIT,CD_PLANTILLA,CD_USU_CREA,CD_USU_MODI,FH_CREACION,FH_MODIFICACION) values ('020044','23',null,null,null,null);
Insert into APDIGB.TBG001_KIT_PLANTILLA (CD_KIT,CD_PLANTILLA,CD_USU_CREA,CD_USU_MODI,FH_CREACION,FH_MODIFICACION) values ('020046','2',null,null,null,null);
Insert into APDIGB.TBG001_KIT_PLANTILLA (CD_KIT,CD_PLANTILLA,CD_USU_CREA,CD_USU_MODI,FH_CREACION,FH_MODIFICACION) values ('020046','3',null,null,null,null);
Insert into APDIGB.TBG001_KIT_PLANTILLA (CD_KIT,CD_PLANTILLA,CD_USU_CREA,CD_USU_MODI,FH_CREACION,FH_MODIFICACION) values ('020046','4',null,null,null,null);
Insert into APDIGB.TBG001_KIT_PLANTILLA (CD_KIT,CD_PLANTILLA,CD_USU_CREA,CD_USU_MODI,FH_CREACION,FH_MODIFICACION) values ('020046','5',null,null,null,null);
Insert into APDIGB.TBG001_KIT_PLANTILLA (CD_KIT,CD_PLANTILLA,CD_USU_CREA,CD_USU_MODI,FH_CREACION,FH_MODIFICACION) values ('020046','6',null,null,null,null);
Insert into APDIGB.TBG001_KIT_PLANTILLA (CD_KIT,CD_PLANTILLA,CD_USU_CREA,CD_USU_MODI,FH_CREACION,FH_MODIFICACION) values ('020046','7',null,null,null,null);
Insert into APDIGB.TBG001_KIT_PLANTILLA (CD_KIT,CD_PLANTILLA,CD_USU_CREA,CD_USU_MODI,FH_CREACION,FH_MODIFICACION) values ('020046','8',null,null,null,null);
Insert into APDIGB.TBG001_KIT_PLANTILLA (CD_KIT,CD_PLANTILLA,CD_USU_CREA,CD_USU_MODI,FH_CREACION,FH_MODIFICACION) values ('020046','9',null,null,null,null);
Insert into APDIGB.TBG001_KIT_PLANTILLA (CD_KIT,CD_PLANTILLA,CD_USU_CREA,CD_USU_MODI,FH_CREACION,FH_MODIFICACION) values ('020046','10',null,null,null,null);
Insert into APDIGB.TBG001_KIT_PLANTILLA (CD_KIT,CD_PLANTILLA,CD_USU_CREA,CD_USU_MODI,FH_CREACION,FH_MODIFICACION) values ('020046','18',null,null,null,null);
Insert into APDIGB.TBG001_KIT_PLANTILLA (CD_KIT,CD_PLANTILLA,CD_USU_CREA,CD_USU_MODI,FH_CREACION,FH_MODIFICACION) values ('020046','19',null,null,null,null);
Insert into APDIGB.TBG001_KIT_PLANTILLA (CD_KIT,CD_PLANTILLA,CD_USU_CREA,CD_USU_MODI,FH_CREACION,FH_MODIFICACION) values ('020046','20',null,null,null,null);
Insert into APDIGB.TBG001_KIT_PLANTILLA (CD_KIT,CD_PLANTILLA,CD_USU_CREA,CD_USU_MODI,FH_CREACION,FH_MODIFICACION) values ('020046','23',null,null,null,null);
Insert into APDIGB.TBG001_KIT_PLANTILLA (CD_KIT,CD_PLANTILLA,CD_USU_CREA,CD_USU_MODI,FH_CREACION,FH_MODIFICACION) values ('020047','2',null,null,null,null);
Insert into APDIGB.TBG001_KIT_PLANTILLA (CD_KIT,CD_PLANTILLA,CD_USU_CREA,CD_USU_MODI,FH_CREACION,FH_MODIFICACION) values ('020047','3',null,null,null,null);
Insert into APDIGB.TBG001_KIT_PLANTILLA (CD_KIT,CD_PLANTILLA,CD_USU_CREA,CD_USU_MODI,FH_CREACION,FH_MODIFICACION) values ('020047','4',null,null,null,null);
Insert into APDIGB.TBG001_KIT_PLANTILLA (CD_KIT,CD_PLANTILLA,CD_USU_CREA,CD_USU_MODI,FH_CREACION,FH_MODIFICACION) values ('020047','5',null,null,null,null);
Insert into APDIGB.TBG001_KIT_PLANTILLA (CD_KIT,CD_PLANTILLA,CD_USU_CREA,CD_USU_MODI,FH_CREACION,FH_MODIFICACION) values ('020047','6',null,null,null,null);
Insert into APDIGB.TBG001_KIT_PLANTILLA (CD_KIT,CD_PLANTILLA,CD_USU_CREA,CD_USU_MODI,FH_CREACION,FH_MODIFICACION) values ('020047','7',null,null,null,null);
Insert into APDIGB.TBG001_KIT_PLANTILLA (CD_KIT,CD_PLANTILLA,CD_USU_CREA,CD_USU_MODI,FH_CREACION,FH_MODIFICACION) values ('020047','8',null,null,null,null);
Insert into APDIGB.TBG001_KIT_PLANTILLA (CD_KIT,CD_PLANTILLA,CD_USU_CREA,CD_USU_MODI,FH_CREACION,FH_MODIFICACION) values ('020047','9',null,null,null,null);
Insert into APDIGB.TBG001_KIT_PLANTILLA (CD_KIT,CD_PLANTILLA,CD_USU_CREA,CD_USU_MODI,FH_CREACION,FH_MODIFICACION) values ('020047','10',null,null,null,null);
Insert into APDIGB.TBG001_KIT_PLANTILLA (CD_KIT,CD_PLANTILLA,CD_USU_CREA,CD_USU_MODI,FH_CREACION,FH_MODIFICACION) values ('020047','18',null,null,null,null);
Insert into APDIGB.TBG001_KIT_PLANTILLA (CD_KIT,CD_PLANTILLA,CD_USU_CREA,CD_USU_MODI,FH_CREACION,FH_MODIFICACION) values ('020047','19',null,null,null,null);
Insert into APDIGB.TBG001_KIT_PLANTILLA (CD_KIT,CD_PLANTILLA,CD_USU_CREA,CD_USU_MODI,FH_CREACION,FH_MODIFICACION) values ('020047','20',null,null,null,null);
Insert into APDIGB.TBG001_KIT_PLANTILLA (CD_KIT,CD_PLANTILLA,CD_USU_CREA,CD_USU_MODI,FH_CREACION,FH_MODIFICACION) values ('020047','23',null,null,null,null);
Insert into APDIGB.TBG001_KIT_PLANTILLA (CD_KIT,CD_PLANTILLA,CD_USU_CREA,CD_USU_MODI,FH_CREACION,FH_MODIFICACION) values ('020049','2',null,null,null,null);
Insert into APDIGB.TBG001_KIT_PLANTILLA (CD_KIT,CD_PLANTILLA,CD_USU_CREA,CD_USU_MODI,FH_CREACION,FH_MODIFICACION) values ('020049','3',null,null,null,null);
Insert into APDIGB.TBG001_KIT_PLANTILLA (CD_KIT,CD_PLANTILLA,CD_USU_CREA,CD_USU_MODI,FH_CREACION,FH_MODIFICACION) values ('020049','4',null,null,null,null);
Insert into APDIGB.TBG001_KIT_PLANTILLA (CD_KIT,CD_PLANTILLA,CD_USU_CREA,CD_USU_MODI,FH_CREACION,FH_MODIFICACION) values ('020049','5',null,null,null,null);
Insert into APDIGB.TBG001_KIT_PLANTILLA (CD_KIT,CD_PLANTILLA,CD_USU_CREA,CD_USU_MODI,FH_CREACION,FH_MODIFICACION) values ('020049','6',null,null,null,null);
Insert into APDIGB.TBG001_KIT_PLANTILLA (CD_KIT,CD_PLANTILLA,CD_USU_CREA,CD_USU_MODI,FH_CREACION,FH_MODIFICACION) values ('020049','7',null,null,null,null);
Insert into APDIGB.TBG001_KIT_PLANTILLA (CD_KIT,CD_PLANTILLA,CD_USU_CREA,CD_USU_MODI,FH_CREACION,FH_MODIFICACION) values ('020049','9',null,null,null,null);
Insert into APDIGB.TBG001_KIT_PLANTILLA (CD_KIT,CD_PLANTILLA,CD_USU_CREA,CD_USU_MODI,FH_CREACION,FH_MODIFICACION) values ('020049','10',null,null,null,null);
Insert into APDIGB.TBG001_KIT_PLANTILLA (CD_KIT,CD_PLANTILLA,CD_USU_CREA,CD_USU_MODI,FH_CREACION,FH_MODIFICACION) values ('020049','16',null,null,null,null);
Insert into APDIGB.TBG001_KIT_PLANTILLA (CD_KIT,CD_PLANTILLA,CD_USU_CREA,CD_USU_MODI,FH_CREACION,FH_MODIFICACION) values ('020049','18',null,null,null,null);
Insert into APDIGB.TBG001_KIT_PLANTILLA (CD_KIT,CD_PLANTILLA,CD_USU_CREA,CD_USU_MODI,FH_CREACION,FH_MODIFICACION) values ('020049','19',null,null,null,null);
Insert into APDIGB.TBG001_KIT_PLANTILLA (CD_KIT,CD_PLANTILLA,CD_USU_CREA,CD_USU_MODI,FH_CREACION,FH_MODIFICACION) values ('020049','20',null,null,null,null);
Insert into APDIGB.TBG001_KIT_PLANTILLA (CD_KIT,CD_PLANTILLA,CD_USU_CREA,CD_USU_MODI,FH_CREACION,FH_MODIFICACION) values ('020049','23',null,null,null,null);
Insert into APDIGB.TBG001_KIT_PLANTILLA (CD_KIT,CD_PLANTILLA,CD_USU_CREA,CD_USU_MODI,FH_CREACION,FH_MODIFICACION) values ('020050','2',null,null,null,null);
Insert into APDIGB.TBG001_KIT_PLANTILLA (CD_KIT,CD_PLANTILLA,CD_USU_CREA,CD_USU_MODI,FH_CREACION,FH_MODIFICACION) values ('020050','3',null,null,null,null);
Insert into APDIGB.TBG001_KIT_PLANTILLA (CD_KIT,CD_PLANTILLA,CD_USU_CREA,CD_USU_MODI,FH_CREACION,FH_MODIFICACION) values ('020050','4',null,null,null,null);
Insert into APDIGB.TBG001_KIT_PLANTILLA (CD_KIT,CD_PLANTILLA,CD_USU_CREA,CD_USU_MODI,FH_CREACION,FH_MODIFICACION) values ('020050','5',null,null,null,null);
Insert into APDIGB.TBG001_KIT_PLANTILLA (CD_KIT,CD_PLANTILLA,CD_USU_CREA,CD_USU_MODI,FH_CREACION,FH_MODIFICACION) values ('020050','6',null,null,null,null);
Insert into APDIGB.TBG001_KIT_PLANTILLA (CD_KIT,CD_PLANTILLA,CD_USU_CREA,CD_USU_MODI,FH_CREACION,FH_MODIFICACION) values ('020050','7',null,null,null,null);
Insert into APDIGB.TBG001_KIT_PLANTILLA (CD_KIT,CD_PLANTILLA,CD_USU_CREA,CD_USU_MODI,FH_CREACION,FH_MODIFICACION) values ('020050','9',null,null,null,null);
Insert into APDIGB.TBG001_KIT_PLANTILLA (CD_KIT,CD_PLANTILLA,CD_USU_CREA,CD_USU_MODI,FH_CREACION,FH_MODIFICACION) values ('020050','10',null,null,null,null);
Insert into APDIGB.TBG001_KIT_PLANTILLA (CD_KIT,CD_PLANTILLA,CD_USU_CREA,CD_USU_MODI,FH_CREACION,FH_MODIFICACION) values ('020050','16',null,null,null,null);
Insert into APDIGB.TBG001_KIT_PLANTILLA (CD_KIT,CD_PLANTILLA,CD_USU_CREA,CD_USU_MODI,FH_CREACION,FH_MODIFICACION) values ('020050','18',null,null,null,null);
Insert into APDIGB.TBG001_KIT_PLANTILLA (CD_KIT,CD_PLANTILLA,CD_USU_CREA,CD_USU_MODI,FH_CREACION,FH_MODIFICACION) values ('020050','19',null,null,null,null);
Insert into APDIGB.TBG001_KIT_PLANTILLA (CD_KIT,CD_PLANTILLA,CD_USU_CREA,CD_USU_MODI,FH_CREACION,FH_MODIFICACION) values ('020050','20',null,null,null,null);
Insert into APDIGB.TBG001_KIT_PLANTILLA (CD_KIT,CD_PLANTILLA,CD_USU_CREA,CD_USU_MODI,FH_CREACION,FH_MODIFICACION) values ('020050','23',null,null,null,null);
Insert into APDIGB.TBG001_KIT_PLANTILLA (CD_KIT,CD_PLANTILLA,CD_USU_CREA,CD_USU_MODI,FH_CREACION,FH_MODIFICACION) values ('020088','2',null,null,null,null);
Insert into APDIGB.TBG001_KIT_PLANTILLA (CD_KIT,CD_PLANTILLA,CD_USU_CREA,CD_USU_MODI,FH_CREACION,FH_MODIFICACION) values ('020088','3',null,null,null,null);
Insert into APDIGB.TBG001_KIT_PLANTILLA (CD_KIT,CD_PLANTILLA,CD_USU_CREA,CD_USU_MODI,FH_CREACION,FH_MODIFICACION) values ('020088','4',null,null,null,null);
Insert into APDIGB.TBG001_KIT_PLANTILLA (CD_KIT,CD_PLANTILLA,CD_USU_CREA,CD_USU_MODI,FH_CREACION,FH_MODIFICACION) values ('020088','5',null,null,null,null);
Insert into APDIGB.TBG001_KIT_PLANTILLA (CD_KIT,CD_PLANTILLA,CD_USU_CREA,CD_USU_MODI,FH_CREACION,FH_MODIFICACION) values ('020088','6',null,null,null,null);
Insert into APDIGB.TBG001_KIT_PLANTILLA (CD_KIT,CD_PLANTILLA,CD_USU_CREA,CD_USU_MODI,FH_CREACION,FH_MODIFICACION) values ('020088','7',null,null,null,null);
Insert into APDIGB.TBG001_KIT_PLANTILLA (CD_KIT,CD_PLANTILLA,CD_USU_CREA,CD_USU_MODI,FH_CREACION,FH_MODIFICACION) values ('020088','9',null,null,null,null);
Insert into APDIGB.TBG001_KIT_PLANTILLA (CD_KIT,CD_PLANTILLA,CD_USU_CREA,CD_USU_MODI,FH_CREACION,FH_MODIFICACION) values ('020088','10',null,null,null,null);
Insert into APDIGB.TBG001_KIT_PLANTILLA (CD_KIT,CD_PLANTILLA,CD_USU_CREA,CD_USU_MODI,FH_CREACION,FH_MODIFICACION) values ('020088','12',null,null,null,null);
Insert into APDIGB.TBG001_KIT_PLANTILLA (CD_KIT,CD_PLANTILLA,CD_USU_CREA,CD_USU_MODI,FH_CREACION,FH_MODIFICACION) values ('020088','18',null,null,null,null);
Insert into APDIGB.TBG001_KIT_PLANTILLA (CD_KIT,CD_PLANTILLA,CD_USU_CREA,CD_USU_MODI,FH_CREACION,FH_MODIFICACION) values ('020088','19',null,null,null,null);
Insert into APDIGB.TBG001_KIT_PLANTILLA (CD_KIT,CD_PLANTILLA,CD_USU_CREA,CD_USU_MODI,FH_CREACION,FH_MODIFICACION) values ('020088','20',null,null,null,null);
Insert into APDIGB.TBG001_KIT_PLANTILLA (CD_KIT,CD_PLANTILLA,CD_USU_CREA,CD_USU_MODI,FH_CREACION,FH_MODIFICACION) values ('020088','23',null,null,null,null);
Insert into APDIGB.TBG001_KIT_PLANTILLA (CD_KIT,CD_PLANTILLA,CD_USU_CREA,CD_USU_MODI,FH_CREACION,FH_MODIFICACION) values ('020089','2',null,null,null,null);
Insert into APDIGB.TBG001_KIT_PLANTILLA (CD_KIT,CD_PLANTILLA,CD_USU_CREA,CD_USU_MODI,FH_CREACION,FH_MODIFICACION) values ('020089','3',null,null,null,null);
Insert into APDIGB.TBG001_KIT_PLANTILLA (CD_KIT,CD_PLANTILLA,CD_USU_CREA,CD_USU_MODI,FH_CREACION,FH_MODIFICACION) values ('020089','4',null,null,null,null);
Insert into APDIGB.TBG001_KIT_PLANTILLA (CD_KIT,CD_PLANTILLA,CD_USU_CREA,CD_USU_MODI,FH_CREACION,FH_MODIFICACION) values ('020089','5',null,null,null,null);
Insert into APDIGB.TBG001_KIT_PLANTILLA (CD_KIT,CD_PLANTILLA,CD_USU_CREA,CD_USU_MODI,FH_CREACION,FH_MODIFICACION) values ('020089','6',null,null,null,null);
Insert into APDIGB.TBG001_KIT_PLANTILLA (CD_KIT,CD_PLANTILLA,CD_USU_CREA,CD_USU_MODI,FH_CREACION,FH_MODIFICACION) values ('020089','7',null,null,null,null);
Insert into APDIGB.TBG001_KIT_PLANTILLA (CD_KIT,CD_PLANTILLA,CD_USU_CREA,CD_USU_MODI,FH_CREACION,FH_MODIFICACION) values ('020089','9',null,null,null,null);
Insert into APDIGB.TBG001_KIT_PLANTILLA (CD_KIT,CD_PLANTILLA,CD_USU_CREA,CD_USU_MODI,FH_CREACION,FH_MODIFICACION) values ('020089','10',null,null,null,null);
Insert into APDIGB.TBG001_KIT_PLANTILLA (CD_KIT,CD_PLANTILLA,CD_USU_CREA,CD_USU_MODI,FH_CREACION,FH_MODIFICACION) values ('020089','12',null,null,null,null);
Insert into APDIGB.TBG001_KIT_PLANTILLA (CD_KIT,CD_PLANTILLA,CD_USU_CREA,CD_USU_MODI,FH_CREACION,FH_MODIFICACION) values ('020089','18',null,null,null,null);
Insert into APDIGB.TBG001_KIT_PLANTILLA (CD_KIT,CD_PLANTILLA,CD_USU_CREA,CD_USU_MODI,FH_CREACION,FH_MODIFICACION) values ('020089','19',null,null,null,null);
Insert into APDIGB.TBG001_KIT_PLANTILLA (CD_KIT,CD_PLANTILLA,CD_USU_CREA,CD_USU_MODI,FH_CREACION,FH_MODIFICACION) values ('020089','20',null,null,null,null);
Insert into APDIGB.TBG001_KIT_PLANTILLA (CD_KIT,CD_PLANTILLA,CD_USU_CREA,CD_USU_MODI,FH_CREACION,FH_MODIFICACION) values ('020089','23',null,null,null,null);
Insert into APDIGB.TBG001_KIT_PLANTILLA (CD_KIT,CD_PLANTILLA,CD_USU_CREA,CD_USU_MODI,FH_CREACION,FH_MODIFICACION) values ('020090','2',null,null,null,null);
Insert into APDIGB.TBG001_KIT_PLANTILLA (CD_KIT,CD_PLANTILLA,CD_USU_CREA,CD_USU_MODI,FH_CREACION,FH_MODIFICACION) values ('020090','3',null,null,null,null);
Insert into APDIGB.TBG001_KIT_PLANTILLA (CD_KIT,CD_PLANTILLA,CD_USU_CREA,CD_USU_MODI,FH_CREACION,FH_MODIFICACION) values ('020090','4',null,null,null,null);
Insert into APDIGB.TBG001_KIT_PLANTILLA (CD_KIT,CD_PLANTILLA,CD_USU_CREA,CD_USU_MODI,FH_CREACION,FH_MODIFICACION) values ('020090','5',null,null,null,null);
Insert into APDIGB.TBG001_KIT_PLANTILLA (CD_KIT,CD_PLANTILLA,CD_USU_CREA,CD_USU_MODI,FH_CREACION,FH_MODIFICACION) values ('020090','6',null,null,null,null);
Insert into APDIGB.TBG001_KIT_PLANTILLA (CD_KIT,CD_PLANTILLA,CD_USU_CREA,CD_USU_MODI,FH_CREACION,FH_MODIFICACION) values ('020090','7',null,null,null,null);
Insert into APDIGB.TBG001_KIT_PLANTILLA (CD_KIT,CD_PLANTILLA,CD_USU_CREA,CD_USU_MODI,FH_CREACION,FH_MODIFICACION) values ('020090','9',null,null,null,null);
Insert into APDIGB.TBG001_KIT_PLANTILLA (CD_KIT,CD_PLANTILLA,CD_USU_CREA,CD_USU_MODI,FH_CREACION,FH_MODIFICACION) values ('020090','10',null,null,null,null);
Insert into APDIGB.TBG001_KIT_PLANTILLA (CD_KIT,CD_PLANTILLA,CD_USU_CREA,CD_USU_MODI,FH_CREACION,FH_MODIFICACION) values ('020090','12',null,null,null,null);
Insert into APDIGB.TBG001_KIT_PLANTILLA (CD_KIT,CD_PLANTILLA,CD_USU_CREA,CD_USU_MODI,FH_CREACION,FH_MODIFICACION) values ('020090','18',null,null,null,null);
Insert into APDIGB.TBG001_KIT_PLANTILLA (CD_KIT,CD_PLANTILLA,CD_USU_CREA,CD_USU_MODI,FH_CREACION,FH_MODIFICACION) values ('020090','19',null,null,null,null);
Insert into APDIGB.TBG001_KIT_PLANTILLA (CD_KIT,CD_PLANTILLA,CD_USU_CREA,CD_USU_MODI,FH_CREACION,FH_MODIFICACION) values ('020090','20',null,null,null,null);
Insert into APDIGB.TBG001_KIT_PLANTILLA (CD_KIT,CD_PLANTILLA,CD_USU_CREA,CD_USU_MODI,FH_CREACION,FH_MODIFICACION) values ('020090','23',null,null,null,null);
Insert into APDIGB.TBG001_KIT_PLANTILLA (CD_KIT,CD_PLANTILLA,CD_USU_CREA,CD_USU_MODI,FH_CREACION,FH_MODIFICACION) values ('020091','2',null,null,null,null);
Insert into APDIGB.TBG001_KIT_PLANTILLA (CD_KIT,CD_PLANTILLA,CD_USU_CREA,CD_USU_MODI,FH_CREACION,FH_MODIFICACION) values ('020091','3',null,null,null,null);
Insert into APDIGB.TBG001_KIT_PLANTILLA (CD_KIT,CD_PLANTILLA,CD_USU_CREA,CD_USU_MODI,FH_CREACION,FH_MODIFICACION) values ('020091','4',null,null,null,null);
Insert into APDIGB.TBG001_KIT_PLANTILLA (CD_KIT,CD_PLANTILLA,CD_USU_CREA,CD_USU_MODI,FH_CREACION,FH_MODIFICACION) values ('020091','5',null,null,null,null);
Insert into APDIGB.TBG001_KIT_PLANTILLA (CD_KIT,CD_PLANTILLA,CD_USU_CREA,CD_USU_MODI,FH_CREACION,FH_MODIFICACION) values ('020091','6',null,null,null,null);
Insert into APDIGB.TBG001_KIT_PLANTILLA (CD_KIT,CD_PLANTILLA,CD_USU_CREA,CD_USU_MODI,FH_CREACION,FH_MODIFICACION) values ('020091','7',null,null,null,null);
Insert into APDIGB.TBG001_KIT_PLANTILLA (CD_KIT,CD_PLANTILLA,CD_USU_CREA,CD_USU_MODI,FH_CREACION,FH_MODIFICACION) values ('020091','9',null,null,null,null);
Insert into APDIGB.TBG001_KIT_PLANTILLA (CD_KIT,CD_PLANTILLA,CD_USU_CREA,CD_USU_MODI,FH_CREACION,FH_MODIFICACION) values ('020091','10',null,null,null,null);
Insert into APDIGB.TBG001_KIT_PLANTILLA (CD_KIT,CD_PLANTILLA,CD_USU_CREA,CD_USU_MODI,FH_CREACION,FH_MODIFICACION) values ('020091','12',null,null,null,null);
Insert into APDIGB.TBG001_KIT_PLANTILLA (CD_KIT,CD_PLANTILLA,CD_USU_CREA,CD_USU_MODI,FH_CREACION,FH_MODIFICACION) values ('020091','18',null,null,null,null);
Insert into APDIGB.TBG001_KIT_PLANTILLA (CD_KIT,CD_PLANTILLA,CD_USU_CREA,CD_USU_MODI,FH_CREACION,FH_MODIFICACION) values ('020091','19',null,null,null,null);
Insert into APDIGB.TBG001_KIT_PLANTILLA (CD_KIT,CD_PLANTILLA,CD_USU_CREA,CD_USU_MODI,FH_CREACION,FH_MODIFICACION) values ('020091','20',null,null,null,null);
Insert into APDIGB.TBG001_KIT_PLANTILLA (CD_KIT,CD_PLANTILLA,CD_USU_CREA,CD_USU_MODI,FH_CREACION,FH_MODIFICACION) values ('020091','23',null,null,null,null);
Insert into APDIGB.TBG001_KIT_PLANTILLA (CD_KIT,CD_PLANTILLA,CD_USU_CREA,CD_USU_MODI,FH_CREACION,FH_MODIFICACION) values ('020092','2',null,null,null,null);
Insert into APDIGB.TBG001_KIT_PLANTILLA (CD_KIT,CD_PLANTILLA,CD_USU_CREA,CD_USU_MODI,FH_CREACION,FH_MODIFICACION) values ('020092','3',null,null,null,null);
Insert into APDIGB.TBG001_KIT_PLANTILLA (CD_KIT,CD_PLANTILLA,CD_USU_CREA,CD_USU_MODI,FH_CREACION,FH_MODIFICACION) values ('020092','4',null,null,null,null);
Insert into APDIGB.TBG001_KIT_PLANTILLA (CD_KIT,CD_PLANTILLA,CD_USU_CREA,CD_USU_MODI,FH_CREACION,FH_MODIFICACION) values ('020092','5',null,null,null,null);
Insert into APDIGB.TBG001_KIT_PLANTILLA (CD_KIT,CD_PLANTILLA,CD_USU_CREA,CD_USU_MODI,FH_CREACION,FH_MODIFICACION) values ('020092','6',null,null,null,null);
Insert into APDIGB.TBG001_KIT_PLANTILLA (CD_KIT,CD_PLANTILLA,CD_USU_CREA,CD_USU_MODI,FH_CREACION,FH_MODIFICACION) values ('020092','7',null,null,null,null);
Insert into APDIGB.TBG001_KIT_PLANTILLA (CD_KIT,CD_PLANTILLA,CD_USU_CREA,CD_USU_MODI,FH_CREACION,FH_MODIFICACION) values ('020092','9',null,null,null,null);
Insert into APDIGB.TBG001_KIT_PLANTILLA (CD_KIT,CD_PLANTILLA,CD_USU_CREA,CD_USU_MODI,FH_CREACION,FH_MODIFICACION) values ('020092','10',null,null,null,null);
Insert into APDIGB.TBG001_KIT_PLANTILLA (CD_KIT,CD_PLANTILLA,CD_USU_CREA,CD_USU_MODI,FH_CREACION,FH_MODIFICACION) values ('020092','11',null,null,null,null);
Insert into APDIGB.TBG001_KIT_PLANTILLA (CD_KIT,CD_PLANTILLA,CD_USU_CREA,CD_USU_MODI,FH_CREACION,FH_MODIFICACION) values ('020092','18',null,null,null,null);
Insert into APDIGB.TBG001_KIT_PLANTILLA (CD_KIT,CD_PLANTILLA,CD_USU_CREA,CD_USU_MODI,FH_CREACION,FH_MODIFICACION) values ('020092','19',null,null,null,null);
Insert into APDIGB.TBG001_KIT_PLANTILLA (CD_KIT,CD_PLANTILLA,CD_USU_CREA,CD_USU_MODI,FH_CREACION,FH_MODIFICACION) values ('020092','20',null,null,null,null);
Insert into APDIGB.TBG001_KIT_PLANTILLA (CD_KIT,CD_PLANTILLA,CD_USU_CREA,CD_USU_MODI,FH_CREACION,FH_MODIFICACION) values ('020092','23',null,null,null,null);
Insert into APDIGB.TBG001_KIT_PLANTILLA (CD_KIT,CD_PLANTILLA,CD_USU_CREA,CD_USU_MODI,FH_CREACION,FH_MODIFICACION) values ('020093','2',null,null,null,null);
Insert into APDIGB.TBG001_KIT_PLANTILLA (CD_KIT,CD_PLANTILLA,CD_USU_CREA,CD_USU_MODI,FH_CREACION,FH_MODIFICACION) values ('020093','3',null,null,null,null);
Insert into APDIGB.TBG001_KIT_PLANTILLA (CD_KIT,CD_PLANTILLA,CD_USU_CREA,CD_USU_MODI,FH_CREACION,FH_MODIFICACION) values ('020093','4',null,null,null,null);
Insert into APDIGB.TBG001_KIT_PLANTILLA (CD_KIT,CD_PLANTILLA,CD_USU_CREA,CD_USU_MODI,FH_CREACION,FH_MODIFICACION) values ('020093','5',null,null,null,null);
Insert into APDIGB.TBG001_KIT_PLANTILLA (CD_KIT,CD_PLANTILLA,CD_USU_CREA,CD_USU_MODI,FH_CREACION,FH_MODIFICACION) values ('020093','6',null,null,null,null);
Insert into APDIGB.TBG001_KIT_PLANTILLA (CD_KIT,CD_PLANTILLA,CD_USU_CREA,CD_USU_MODI,FH_CREACION,FH_MODIFICACION) values ('020093','7',null,null,null,null);
Insert into APDIGB.TBG001_KIT_PLANTILLA (CD_KIT,CD_PLANTILLA,CD_USU_CREA,CD_USU_MODI,FH_CREACION,FH_MODIFICACION) values ('020093','9',null,null,null,null);
Insert into APDIGB.TBG001_KIT_PLANTILLA (CD_KIT,CD_PLANTILLA,CD_USU_CREA,CD_USU_MODI,FH_CREACION,FH_MODIFICACION) values ('020093','10',null,null,null,null);
Insert into APDIGB.TBG001_KIT_PLANTILLA (CD_KIT,CD_PLANTILLA,CD_USU_CREA,CD_USU_MODI,FH_CREACION,FH_MODIFICACION) values ('020093','11',null,null,null,null);
Insert into APDIGB.TBG001_KIT_PLANTILLA (CD_KIT,CD_PLANTILLA,CD_USU_CREA,CD_USU_MODI,FH_CREACION,FH_MODIFICACION) values ('020093','18',null,null,null,null);
Insert into APDIGB.TBG001_KIT_PLANTILLA (CD_KIT,CD_PLANTILLA,CD_USU_CREA,CD_USU_MODI,FH_CREACION,FH_MODIFICACION) values ('020093','19',null,null,null,null);
Insert into APDIGB.TBG001_KIT_PLANTILLA (CD_KIT,CD_PLANTILLA,CD_USU_CREA,CD_USU_MODI,FH_CREACION,FH_MODIFICACION) values ('020093','20',null,null,null,null);
Insert into APDIGB.TBG001_KIT_PLANTILLA (CD_KIT,CD_PLANTILLA,CD_USU_CREA,CD_USU_MODI,FH_CREACION,FH_MODIFICACION) values ('020093','23',null,null,null,null);
Insert into APDIGB.TBG001_KIT_PLANTILLA (CD_KIT,CD_PLANTILLA,CD_USU_CREA,CD_USU_MODI,FH_CREACION,FH_MODIFICACION) values ('020109','2',null,null,null,null);
Insert into APDIGB.TBG001_KIT_PLANTILLA (CD_KIT,CD_PLANTILLA,CD_USU_CREA,CD_USU_MODI,FH_CREACION,FH_MODIFICACION) values ('020109','3',null,null,null,null);
Insert into APDIGB.TBG001_KIT_PLANTILLA (CD_KIT,CD_PLANTILLA,CD_USU_CREA,CD_USU_MODI,FH_CREACION,FH_MODIFICACION) values ('020109','4',null,null,null,null);
Insert into APDIGB.TBG001_KIT_PLANTILLA (CD_KIT,CD_PLANTILLA,CD_USU_CREA,CD_USU_MODI,FH_CREACION,FH_MODIFICACION) values ('020109','5',null,null,null,null);
Insert into APDIGB.TBG001_KIT_PLANTILLA (CD_KIT,CD_PLANTILLA,CD_USU_CREA,CD_USU_MODI,FH_CREACION,FH_MODIFICACION) values ('020109','6',null,null,null,null);
Insert into APDIGB.TBG001_KIT_PLANTILLA (CD_KIT,CD_PLANTILLA,CD_USU_CREA,CD_USU_MODI,FH_CREACION,FH_MODIFICACION) values ('020109','7',null,null,null,null);
Insert into APDIGB.TBG001_KIT_PLANTILLA (CD_KIT,CD_PLANTILLA,CD_USU_CREA,CD_USU_MODI,FH_CREACION,FH_MODIFICACION) values ('020109','9',null,null,null,null);
Insert into APDIGB.TBG001_KIT_PLANTILLA (CD_KIT,CD_PLANTILLA,CD_USU_CREA,CD_USU_MODI,FH_CREACION,FH_MODIFICACION) values ('020109','10',null,null,null,null);
Insert into APDIGB.TBG001_KIT_PLANTILLA (CD_KIT,CD_PLANTILLA,CD_USU_CREA,CD_USU_MODI,FH_CREACION,FH_MODIFICACION) values ('020109','17',null,null,null,null);
Insert into APDIGB.TBG001_KIT_PLANTILLA (CD_KIT,CD_PLANTILLA,CD_USU_CREA,CD_USU_MODI,FH_CREACION,FH_MODIFICACION) values ('020109','18',null,null,null,null);
Insert into APDIGB.TBG001_KIT_PLANTILLA (CD_KIT,CD_PLANTILLA,CD_USU_CREA,CD_USU_MODI,FH_CREACION,FH_MODIFICACION) values ('020109','19',null,null,null,null);
Insert into APDIGB.TBG001_KIT_PLANTILLA (CD_KIT,CD_PLANTILLA,CD_USU_CREA,CD_USU_MODI,FH_CREACION,FH_MODIFICACION) values ('020109','20',null,null,null,null);
Insert into APDIGB.TBG001_KIT_PLANTILLA (CD_KIT,CD_PLANTILLA,CD_USU_CREA,CD_USU_MODI,FH_CREACION,FH_MODIFICACION) values ('020109','23',null,null,null,null);
Insert into APDIGB.TBG001_KIT_PLANTILLA (CD_KIT,CD_PLANTILLA,CD_USU_CREA,CD_USU_MODI,FH_CREACION,FH_MODIFICACION) values ('020110','2',null,null,null,null);
Insert into APDIGB.TBG001_KIT_PLANTILLA (CD_KIT,CD_PLANTILLA,CD_USU_CREA,CD_USU_MODI,FH_CREACION,FH_MODIFICACION) values ('020110','3',null,null,null,null);
Insert into APDIGB.TBG001_KIT_PLANTILLA (CD_KIT,CD_PLANTILLA,CD_USU_CREA,CD_USU_MODI,FH_CREACION,FH_MODIFICACION) values ('020110','4',null,null,null,null);
Insert into APDIGB.TBG001_KIT_PLANTILLA (CD_KIT,CD_PLANTILLA,CD_USU_CREA,CD_USU_MODI,FH_CREACION,FH_MODIFICACION) values ('020110','5',null,null,null,null);
Insert into APDIGB.TBG001_KIT_PLANTILLA (CD_KIT,CD_PLANTILLA,CD_USU_CREA,CD_USU_MODI,FH_CREACION,FH_MODIFICACION) values ('020110','6',null,null,null,null);
Insert into APDIGB.TBG001_KIT_PLANTILLA (CD_KIT,CD_PLANTILLA,CD_USU_CREA,CD_USU_MODI,FH_CREACION,FH_MODIFICACION) values ('020110','7',null,null,null,null);
Insert into APDIGB.TBG001_KIT_PLANTILLA (CD_KIT,CD_PLANTILLA,CD_USU_CREA,CD_USU_MODI,FH_CREACION,FH_MODIFICACION) values ('020110','9',null,null,null,null);
Insert into APDIGB.TBG001_KIT_PLANTILLA (CD_KIT,CD_PLANTILLA,CD_USU_CREA,CD_USU_MODI,FH_CREACION,FH_MODIFICACION) values ('020110','10',null,null,null,null);
Insert into APDIGB.TBG001_KIT_PLANTILLA (CD_KIT,CD_PLANTILLA,CD_USU_CREA,CD_USU_MODI,FH_CREACION,FH_MODIFICACION) values ('020110','17',null,null,null,null);
Insert into APDIGB.TBG001_KIT_PLANTILLA (CD_KIT,CD_PLANTILLA,CD_USU_CREA,CD_USU_MODI,FH_CREACION,FH_MODIFICACION) values ('020110','18',null,null,null,null);
Insert into APDIGB.TBG001_KIT_PLANTILLA (CD_KIT,CD_PLANTILLA,CD_USU_CREA,CD_USU_MODI,FH_CREACION,FH_MODIFICACION) values ('020110','19',null,null,null,null);
Insert into APDIGB.TBG001_KIT_PLANTILLA (CD_KIT,CD_PLANTILLA,CD_USU_CREA,CD_USU_MODI,FH_CREACION,FH_MODIFICACION) values ('020110','20',null,null,null,null);
Insert into APDIGB.TBG001_KIT_PLANTILLA (CD_KIT,CD_PLANTILLA,CD_USU_CREA,CD_USU_MODI,FH_CREACION,FH_MODIFICACION) values ('020110','23',null,null,null,null);
Insert into APDIGB.TBG001_KIT_PLANTILLA (CD_KIT,CD_PLANTILLA,CD_USU_CREA,CD_USU_MODI,FH_CREACION,FH_MODIFICACION) values ('070002','26',null,null,null,null);
Insert into APDIGB.TBG001_KIT_PLANTILLA (CD_KIT,CD_PLANTILLA,CD_USU_CREA,CD_USU_MODI,FH_CREACION,FH_MODIFICACION) values ('070001','26',null,null,null,null);

Insert into APDIGB.TBG002_PLANTILLA (CD_PLANTILLA,ST_ACTIVO,ST_CONDICION,ST_FILEUNICO,ST_ENV_CORREO,ST_TIPO_CONSTR,ST_SIGNED,NB_NOMBRE_FORMATO,NB_TIPO_FILEUNICO,NB_NOMBRE_CORREO,CD_USU_CREA,CD_USU_MODI,FH_CREACION,FH_MODIFICACION) values ('26','A','F','A','A','P','A','CT011_CTS_Super_Deposito','0002','CT011_CTS_Super_Deposito',null,null,null,to_date('23/03/17','DD/MM/RR'));
Insert into APDIGB.TBG002_PLANTILLA (CD_PLANTILLA,ST_ACTIVO,ST_CONDICION,ST_FILEUNICO,ST_ENV_CORREO,ST_TIPO_CONSTR,ST_SIGNED,NB_NOMBRE_FORMATO,NB_TIPO_FILEUNICO,NB_NOMBRE_CORREO,CD_USU_CREA,CD_USU_MODI,FH_CREACION,FH_MODIFICACION) values ('1','A','F','A','A','P','A','BG351_Ganadora','0002','BG351 - CONTRATO CUENTA GANADORA',null,null,null,null);
Insert into APDIGB.TBG002_PLANTILLA (CD_PLANTILLA,ST_ACTIVO,ST_CONDICION,ST_FILEUNICO,ST_ENV_CORREO,ST_TIPO_CONSTR,ST_SIGNED,NB_NOMBRE_FORMATO,NB_TIPO_FILEUNICO,NB_NOMBRE_CORREO,CD_USU_CREA,CD_USU_MODI,FH_CREACION,FH_MODIFICACION) values ('2','A','F','A','A','P','A','clau_general','0002','E3261 - CLAUSULAS GENERALES DE CONTRATACIÓN',null,null,null,null);
Insert into APDIGB.TBG002_PLANTILLA (CD_PLANTILLA,ST_ACTIVO,ST_CONDICION,ST_FILEUNICO,ST_ENV_CORREO,ST_TIPO_CONSTR,ST_SIGNED,NB_NOMBRE_FORMATO,NB_TIPO_FILEUNICO,NB_NOMBRE_CORREO,CD_USU_CREA,CD_USU_MODI,FH_CREACION,FH_MODIFICACION) values ('3','A','V','A','A','P','A','BG871_APERTURA_CUENTA_NUEVO','0005','BG871 - APERTURA DE CUENTA DE AHORROS PER. NATURAL',null,null,null,to_date('10/02/17','DD/MM/RR'));
Insert into APDIGB.TBG002_PLANTILLA (CD_PLANTILLA,ST_ACTIVO,ST_CONDICION,ST_FILEUNICO,ST_ENV_CORREO,ST_TIPO_CONSTR,ST_SIGNED,NB_NOMBRE_FORMATO,NB_TIPO_FILEUNICO,NB_NOMBRE_CORREO,CD_USU_CREA,CD_USU_MODI,FH_CREACION,FH_MODIFICACION) values ('4','A','V','A','A','P','A','BG871_APERTURA_CUENTA','0005','BG871 - APERTURA DE CUENTA DE AHORROS PER. NATURAL',null,null,null,to_date('10/02/17','DD/MM/RR'));
Insert into APDIGB.TBG002_PLANTILLA (CD_PLANTILLA,ST_ACTIVO,ST_CONDICION,ST_FILEUNICO,ST_ENV_CORREO,ST_TIPO_CONSTR,ST_SIGNED,NB_NOMBRE_FORMATO,NB_TIPO_FILEUNICO,NB_NOMBRE_CORREO,CD_USU_CREA,CD_USU_MODI,FH_CREACION,FH_MODIFICACION) values ('5','A','V','A','A','P','A','E0600_FATCA_FORM_AUTO_CERT_PN','0013','Declaración Jurada de Residencia Fiscal - Personas Naturales - KIT 01',null,null,null,to_date('05/01/17','DD/MM/RR'));
Insert into APDIGB.TBG002_PLANTILLA (CD_PLANTILLA,ST_ACTIVO,ST_CONDICION,ST_FILEUNICO,ST_ENV_CORREO,ST_TIPO_CONSTR,ST_SIGNED,NB_NOMBRE_FORMATO,NB_TIPO_FILEUNICO,NB_NOMBRE_CORREO,CD_USU_CREA,CD_USU_MODI,FH_CREACION,FH_MODIFICACION) values ('6','I','V','A','A','P','A','E0601_FATCA_WAIVER','0013','Declaración de Conocimiento y Autorización - Waiver - PE011',null,null,null,null);
Insert into APDIGB.TBG002_PLANTILLA (CD_PLANTILLA,ST_ACTIVO,ST_CONDICION,ST_FILEUNICO,ST_ENV_CORREO,ST_TIPO_CONSTR,ST_SIGNED,NB_NOMBRE_FORMATO,NB_TIPO_FILEUNICO,NB_NOMBRE_CORREO,CD_USU_CREA,CD_USU_MODI,FH_CREACION,FH_MODIFICACION) values ('7','I','V','A','A','P','A','E0605_FATCA_DJ_RNC_NAC_EEUU','0013','Declaración Jurada Simple de Renuncia a la Nacionalidad Estadounidense - E0605',null,null,null,null);
Insert into APDIGB.TBG002_PLANTILLA (CD_PLANTILLA,ST_ACTIVO,ST_CONDICION,ST_FILEUNICO,ST_ENV_CORREO,ST_TIPO_CONSTR,ST_SIGNED,NB_NOMBRE_FORMATO,NB_TIPO_FILEUNICO,NB_NOMBRE_CORREO,CD_USU_CREA,CD_USU_MODI,FH_CREACION,FH_MODIFICACION) values ('8','A','F','A','A','P','A','BG461_Sueldo','0002','BG461 - CONTRATO CUENTA SUELDO',null,null,null,null);
Insert into APDIGB.TBG002_PLANTILLA (CD_PLANTILLA,ST_ACTIVO,ST_CONDICION,ST_FILEUNICO,ST_ENV_CORREO,ST_TIPO_CONSTR,ST_SIGNED,NB_NOMBRE_FORMATO,NB_TIPO_FILEUNICO,NB_NOMBRE_CORREO,CD_USU_CREA,CD_USU_MODI,FH_CREACION,FH_MODIFICACION) values ('9','A','F','A','I','P','A','DICTAMEN_RBA_LINE','0000','RBA',null,null,null,null);
Insert into APDIGB.TBG002_PLANTILLA (CD_PLANTILLA,ST_ACTIVO,ST_CONDICION,ST_FILEUNICO,ST_ENV_CORREO,ST_TIPO_CONSTR,ST_SIGNED,NB_NOMBRE_FORMATO,NB_TIPO_FILEUNICO,NB_NOMBRE_CORREO,CD_USU_CREA,CD_USU_MODI,FH_CREACION,FH_MODIFICACION) values ('10','A','V','I','A','P','A','E3362_DAE','0233','E3362 - Declaración de Actividad Económica',null,null,null,null);
Insert into APDIGB.TBG002_PLANTILLA (CD_PLANTILLA,ST_ACTIVO,ST_CONDICION,ST_FILEUNICO,ST_ENV_CORREO,ST_TIPO_CONSTR,ST_SIGNED,NB_NOMBRE_FORMATO,NB_TIPO_FILEUNICO,NB_NOMBRE_CORREO,CD_USU_CREA,CD_USU_MODI,FH_CREACION,FH_MODIFICACION) values ('11','A','F','A','A','P','A','BG111_Ahorro_Vivienda','0002','BG111 - CONTRATO AHORRO VIVIENDA',null,null,null,to_date('07/11/16','DD/MM/RR'));
Insert into APDIGB.TBG002_PLANTILLA (CD_PLANTILLA,ST_ACTIVO,ST_CONDICION,ST_FILEUNICO,ST_ENV_CORREO,ST_TIPO_CONSTR,ST_SIGNED,NB_NOMBRE_FORMATO,NB_TIPO_FILEUNICO,NB_NOMBRE_CORREO,CD_USU_CREA,CD_USU_MODI,FH_CREACION,FH_MODIFICACION) values ('12','A','F','A','A','P','A','BG151_Facil','0002','BG151 - CONTRATO CUENTA FACIL',null,null,null,null);
Insert into APDIGB.TBG002_PLANTILLA (CD_PLANTILLA,ST_ACTIVO,ST_CONDICION,ST_FILEUNICO,ST_ENV_CORREO,ST_TIPO_CONSTR,ST_SIGNED,NB_NOMBRE_FORMATO,NB_TIPO_FILEUNICO,NB_NOMBRE_CORREO,CD_USU_CREA,CD_USU_MODI,FH_CREACION,FH_MODIFICACION) values ('13','A','F','A','A','P','A','BG451_Remesas','0002','BG451 - CONTRATO CUENTA REMESAS',null,null,null,null);
Insert into APDIGB.TBG002_PLANTILLA (CD_PLANTILLA,ST_ACTIVO,ST_CONDICION,ST_FILEUNICO,ST_ENV_CORREO,ST_TIPO_CONSTR,ST_SIGNED,NB_NOMBRE_FORMATO,NB_TIPO_FILEUNICO,NB_NOMBRE_CORREO,CD_USU_CREA,CD_USU_MODI,FH_CREACION,FH_MODIFICACION) values ('14','A','F','A','A','P','A','BG511_Contiahorro_Euros','0002','BG511 - CONTRATO CONTIAHORRO EUROS',null,null,null,null);
Insert into APDIGB.TBG002_PLANTILLA (CD_PLANTILLA,ST_ACTIVO,ST_CONDICION,ST_FILEUNICO,ST_ENV_CORREO,ST_TIPO_CONSTR,ST_SIGNED,NB_NOMBRE_FORMATO,NB_TIPO_FILEUNICO,NB_NOMBRE_CORREO,CD_USU_CREA,CD_USU_MODI,FH_CREACION,FH_MODIFICACION) values ('15','A','F','A','A','P','A','BG971_Asociada_Prestamos','0002','BG971 - CONTRATO CUENTA ASOCIADA A PRESTAMOS',null,null,null,null);
Insert into APDIGB.TBG002_PLANTILLA (CD_PLANTILLA,ST_ACTIVO,ST_CONDICION,ST_FILEUNICO,ST_ENV_CORREO,ST_TIPO_CONSTR,ST_SIGNED,NB_NOMBRE_FORMATO,NB_TIPO_FILEUNICO,NB_NOMBRE_CORREO,CD_USU_CREA,CD_USU_MODI,FH_CREACION,FH_MODIFICACION) values ('16','A','F','A','A','P','A','BGB81_Independencia','0002','BGB81 - CONTRATO CUENTA INDEPENDENCIA',null,null,null,null);
Insert into APDIGB.TBG002_PLANTILLA (CD_PLANTILLA,ST_ACTIVO,ST_CONDICION,ST_FILEUNICO,ST_ENV_CORREO,ST_TIPO_CONSTR,ST_SIGNED,NB_NOMBRE_FORMATO,NB_TIPO_FILEUNICO,NB_NOMBRE_CORREO,CD_USU_CREA,CD_USU_MODI,FH_CREACION,FH_MODIFICACION) values ('17','A','F','A','A','P','A','BGC41_Senior','0002','BGC41 - CONTRATO CUENTA SENIOR',null,null,null,null);
Insert into APDIGB.TBG002_PLANTILLA (CD_PLANTILLA,ST_ACTIVO,ST_CONDICION,ST_FILEUNICO,ST_ENV_CORREO,ST_TIPO_CONSTR,ST_SIGNED,NB_NOMBRE_FORMATO,NB_TIPO_FILEUNICO,NB_NOMBRE_CORREO,CD_USU_CREA,CD_USU_MODI,FH_CREACION,FH_MODIFICACION) values ('18','I','V','A','A','P','A','E2862','0004','E2862 - Formulario Familiares PEP y Vinculados',null,null,null,null);
Insert into APDIGB.TBG002_PLANTILLA (CD_PLANTILLA,ST_ACTIVO,ST_CONDICION,ST_FILEUNICO,ST_ENV_CORREO,ST_TIPO_CONSTR,ST_SIGNED,NB_NOMBRE_FORMATO,NB_TIPO_FILEUNICO,NB_NOMBRE_CORREO,CD_USU_CREA,CD_USU_MODI,FH_CREACION,FH_MODIFICACION) values ('19','I','V','A','A','P','A','Indicaciones_1','0000','Indicaciones',null,null,null,null);
Insert into APDIGB.TBG002_PLANTILLA (CD_PLANTILLA,ST_ACTIVO,ST_CONDICION,ST_FILEUNICO,ST_ENV_CORREO,ST_TIPO_CONSTR,ST_SIGNED,NB_NOMBRE_FORMATO,NB_TIPO_FILEUNICO,NB_NOMBRE_CORREO,CD_USU_CREA,CD_USU_MODI,FH_CREACION,FH_MODIFICACION) values ('20','I','V','A','A','P','A','Indicaciones_2','0000','Indicaciones',null,null,null,null);
Insert into APDIGB.TBG002_PLANTILLA (CD_PLANTILLA,ST_ACTIVO,ST_CONDICION,ST_FILEUNICO,ST_ENV_CORREO,ST_TIPO_CONSTR,ST_SIGNED,NB_NOMBRE_FORMATO,NB_TIPO_FILEUNICO,NB_NOMBRE_CORREO,CD_USU_CREA,CD_USU_MODI,FH_CREACION,FH_MODIFICACION) values ('21','I','V','A','A','P','A','Indicaciones_3','0000','Indicaciones',null,null,null,null);
Insert into APDIGB.TBG002_PLANTILLA (CD_PLANTILLA,ST_ACTIVO,ST_CONDICION,ST_FILEUNICO,ST_ENV_CORREO,ST_TIPO_CONSTR,ST_SIGNED,NB_NOMBRE_FORMATO,NB_TIPO_FILEUNICO,NB_NOMBRE_CORREO,CD_USU_CREA,CD_USU_MODI,FH_CREACION,FH_MODIFICACION) values ('22','I','V','A','A','P','A','Indicaciones_4','0000','Indicaciones',null,null,null,null);
Insert into APDIGB.TBG002_PLANTILLA (CD_PLANTILLA,ST_ACTIVO,ST_CONDICION,ST_FILEUNICO,ST_ENV_CORREO,ST_TIPO_CONSTR,ST_SIGNED,NB_NOMBRE_FORMATO,NB_TIPO_FILEUNICO,NB_NOMBRE_CORREO,CD_USU_CREA,CD_USU_MODI,FH_CREACION,FH_MODIFICACION) values ('23','I','V','A','A','P','A','Indicaciones_5','0000','Indicaciones',null,null,null,null);
Insert into APDIGB.TBG002_PLANTILLA (CD_PLANTILLA,ST_ACTIVO,ST_CONDICION,ST_FILEUNICO,ST_ENV_CORREO,ST_TIPO_CONSTR,ST_SIGNED,NB_NOMBRE_FORMATO,NB_TIPO_FILEUNICO,NB_NOMBRE_CORREO,CD_USU_CREA,CD_USU_MODI,FH_CREACION,FH_MODIFICACION) values ('24','I','V','A','A','P','A','Indicaciones_6','0000','Indicaciones',null,null,null,null);
Insert into APDIGB.TBG002_PLANTILLA (CD_PLANTILLA,ST_ACTIVO,ST_CONDICION,ST_FILEUNICO,ST_ENV_CORREO,ST_TIPO_CONSTR,ST_SIGNED,NB_NOMBRE_FORMATO,NB_TIPO_FILEUNICO,NB_NOMBRE_CORREO,CD_USU_CREA,CD_USU_MODI,FH_CREACION,FH_MODIFICACION) values ('25','I','V','A','A','P','A','Indicaciones_7','0000','Indicaciones',null,null,null,null);

Insert into APDIGB.TBG003_SECCION (CD_SECCION,CD_PLANTILLA,NU_PAGINA,CD_USU_CREA,CD_USU_MODI,FH_CREACION,FH_MODIFICACION) values ('26','26','1',null,null,null,null);
Insert into APDIGB.TBG003_SECCION (CD_SECCION,CD_PLANTILLA,NU_PAGINA,CD_USU_CREA,CD_USU_MODI,FH_CREACION,FH_MODIFICACION) values ('24','4','1',null,null,null,null);
Insert into APDIGB.TBG003_SECCION (CD_SECCION,CD_PLANTILLA,NU_PAGINA,CD_USU_CREA,CD_USU_MODI,FH_CREACION,FH_MODIFICACION) values ('25','4','2',null,null,null,null);
Insert into APDIGB.TBG003_SECCION (CD_SECCION,CD_PLANTILLA,NU_PAGINA,CD_USU_CREA,CD_USU_MODI,FH_CREACION,FH_MODIFICACION) values ('27','26','3',null,null,null,null);
Insert into APDIGB.TBG003_SECCION (CD_SECCION,CD_PLANTILLA,NU_PAGINA,CD_USU_CREA,CD_USU_MODI,FH_CREACION,FH_MODIFICACION) values ('1','1','1',null,null,null,null);
Insert into APDIGB.TBG003_SECCION (CD_SECCION,CD_PLANTILLA,NU_PAGINA,CD_USU_CREA,CD_USU_MODI,FH_CREACION,FH_MODIFICACION) values ('2','1','4',null,null,null,null);
Insert into APDIGB.TBG003_SECCION (CD_SECCION,CD_PLANTILLA,NU_PAGINA,CD_USU_CREA,CD_USU_MODI,FH_CREACION,FH_MODIFICACION) values ('3','3','1',null,null,null,null);
Insert into APDIGB.TBG003_SECCION (CD_SECCION,CD_PLANTILLA,NU_PAGINA,CD_USU_CREA,CD_USU_MODI,FH_CREACION,FH_MODIFICACION) values ('4','3','2',null,null,null,null);
Insert into APDIGB.TBG003_SECCION (CD_SECCION,CD_PLANTILLA,NU_PAGINA,CD_USU_CREA,CD_USU_MODI,FH_CREACION,FH_MODIFICACION) values ('5','9','1',null,null,null,null);
Insert into APDIGB.TBG003_SECCION (CD_SECCION,CD_PLANTILLA,NU_PAGINA,CD_USU_CREA,CD_USU_MODI,FH_CREACION,FH_MODIFICACION) values ('6','5','1',null,null,null,null);
Insert into APDIGB.TBG003_SECCION (CD_SECCION,CD_PLANTILLA,NU_PAGINA,CD_USU_CREA,CD_USU_MODI,FH_CREACION,FH_MODIFICACION) values ('7','8','1',null,null,null,null);
Insert into APDIGB.TBG003_SECCION (CD_SECCION,CD_PLANTILLA,NU_PAGINA,CD_USU_CREA,CD_USU_MODI,FH_CREACION,FH_MODIFICACION) values ('8','8','6',null,null,null,null);
Insert into APDIGB.TBG003_SECCION (CD_SECCION,CD_PLANTILLA,NU_PAGINA,CD_USU_CREA,CD_USU_MODI,FH_CREACION,FH_MODIFICACION) values ('9','12','1',null,null,null,null);
Insert into APDIGB.TBG003_SECCION (CD_SECCION,CD_PLANTILLA,NU_PAGINA,CD_USU_CREA,CD_USU_MODI,FH_CREACION,FH_MODIFICACION) values ('10','12','3',null,null,null,null);
Insert into APDIGB.TBG003_SECCION (CD_SECCION,CD_PLANTILLA,NU_PAGINA,CD_USU_CREA,CD_USU_MODI,FH_CREACION,FH_MODIFICACION) values ('11','12','4',null,null,null,null);
Insert into APDIGB.TBG003_SECCION (CD_SECCION,CD_PLANTILLA,NU_PAGINA,CD_USU_CREA,CD_USU_MODI,FH_CREACION,FH_MODIFICACION) values ('12','13','1',null,null,null,null);
Insert into APDIGB.TBG003_SECCION (CD_SECCION,CD_PLANTILLA,NU_PAGINA,CD_USU_CREA,CD_USU_MODI,FH_CREACION,FH_MODIFICACION) values ('13','13','4',null,null,null,null);
Insert into APDIGB.TBG003_SECCION (CD_SECCION,CD_PLANTILLA,NU_PAGINA,CD_USU_CREA,CD_USU_MODI,FH_CREACION,FH_MODIFICACION) values ('14','17','1',null,null,null,null);
Insert into APDIGB.TBG003_SECCION (CD_SECCION,CD_PLANTILLA,NU_PAGINA,CD_USU_CREA,CD_USU_MODI,FH_CREACION,FH_MODIFICACION) values ('15','17','4',null,null,null,null);
Insert into APDIGB.TBG003_SECCION (CD_SECCION,CD_PLANTILLA,NU_PAGINA,CD_USU_CREA,CD_USU_MODI,FH_CREACION,FH_MODIFICACION) values ('16','14','1',null,null,null,null);
Insert into APDIGB.TBG003_SECCION (CD_SECCION,CD_PLANTILLA,NU_PAGINA,CD_USU_CREA,CD_USU_MODI,FH_CREACION,FH_MODIFICACION) values ('17','14','3',null,null,null,null);
Insert into APDIGB.TBG003_SECCION (CD_SECCION,CD_PLANTILLA,NU_PAGINA,CD_USU_CREA,CD_USU_MODI,FH_CREACION,FH_MODIFICACION) values ('18','15','1',null,null,null,null);
Insert into APDIGB.TBG003_SECCION (CD_SECCION,CD_PLANTILLA,NU_PAGINA,CD_USU_CREA,CD_USU_MODI,FH_CREACION,FH_MODIFICACION) values ('19','15','4',null,null,null,null);
Insert into APDIGB.TBG003_SECCION (CD_SECCION,CD_PLANTILLA,NU_PAGINA,CD_USU_CREA,CD_USU_MODI,FH_CREACION,FH_MODIFICACION) values ('20','16','1',null,null,null,null);
Insert into APDIGB.TBG003_SECCION (CD_SECCION,CD_PLANTILLA,NU_PAGINA,CD_USU_CREA,CD_USU_MODI,FH_CREACION,FH_MODIFICACION) values ('21','16','4',null,null,null,null);
Insert into APDIGB.TBG003_SECCION (CD_SECCION,CD_PLANTILLA,NU_PAGINA,CD_USU_CREA,CD_USU_MODI,FH_CREACION,FH_MODIFICACION) values ('22','11','1',null,null,null,null);
Insert into APDIGB.TBG003_SECCION (CD_SECCION,CD_PLANTILLA,NU_PAGINA,CD_USU_CREA,CD_USU_MODI,FH_CREACION,FH_MODIFICACION) values ('23','11','4',null,null,null,null);

Insert into APDIGB.TBG004_ITEM (CD_ITEM,CD_SECCION,ST_ACTIVO,NU_COOR_X,NU_COOR_Y,NB_NOMBRE_VAR,NB_VALOR_VAR,NB_FUENTE,NU_ALINEAR,CH_TIPO,NU_ANCHO,NU_SC_X,NU_SC_Y,NU_IDX_CLIENTE,CD_USU_CREA,CD_USU_MODI,FH_CREACION,FH_MODIFICACION,NB_MASK) values ('8977','5','A','8','675','RBA0|P01',null,'Arial9','0','T',null,null,null,null,null,null,null,null,null);
Insert into APDIGB.TBG004_ITEM (CD_ITEM,CD_SECCION,ST_ACTIVO,NU_COOR_X,NU_COOR_Y,NB_NOMBRE_VAR,NB_VALOR_VAR,NB_FUENTE,NU_ALINEAR,CH_TIPO,NU_ANCHO,NU_SC_X,NU_SC_Y,NU_IDX_CLIENTE,CD_USU_CREA,CD_USU_MODI,FH_CREACION,FH_MODIFICACION,NB_MASK) values ('8978','5','A','128','675','RBA0|P02',null,'Arial9','0','T',null,null,null,null,null,null,null,null,null);
Insert into APDIGB.TBG004_ITEM (CD_ITEM,CD_SECCION,ST_ACTIVO,NU_COOR_X,NU_COOR_Y,NB_NOMBRE_VAR,NB_VALOR_VAR,NB_FUENTE,NU_ALINEAR,CH_TIPO,NU_ANCHO,NU_SC_X,NU_SC_Y,NU_IDX_CLIENTE,CD_USU_CREA,CD_USU_MODI,FH_CREACION,FH_MODIFICACION,NB_MASK) values ('8979','5','A','380','674','RBA0|P03',null,'Arial9','0','T',null,null,null,null,null,null,null,null,null);
Insert into APDIGB.TBG004_ITEM (CD_ITEM,CD_SECCION,ST_ACTIVO,NU_COOR_X,NU_COOR_Y,NB_NOMBRE_VAR,NB_VALOR_VAR,NB_FUENTE,NU_ALINEAR,CH_TIPO,NU_ANCHO,NU_SC_X,NU_SC_Y,NU_IDX_CLIENTE,CD_USU_CREA,CD_USU_MODI,FH_CREACION,FH_MODIFICACION,NB_MASK) values ('8980','5','A','8','640','RBA0|P04',null,'Arial9','0','T',null,null,null,null,null,null,null,null,null);
Insert into APDIGB.TBG004_ITEM (CD_ITEM,CD_SECCION,ST_ACTIVO,NU_COOR_X,NU_COOR_Y,NB_NOMBRE_VAR,NB_VALOR_VAR,NB_FUENTE,NU_ALINEAR,CH_TIPO,NU_ANCHO,NU_SC_X,NU_SC_Y,NU_IDX_CLIENTE,CD_USU_CREA,CD_USU_MODI,FH_CREACION,FH_MODIFICACION,NB_MASK) values ('8981','5','A','8','600','RBA0|P05',null,'Arial9','0','T',null,null,null,null,null,null,null,null,null);
Insert into APDIGB.TBG004_ITEM (CD_ITEM,CD_SECCION,ST_ACTIVO,NU_COOR_X,NU_COOR_Y,NB_NOMBRE_VAR,NB_VALOR_VAR,NB_FUENTE,NU_ALINEAR,CH_TIPO,NU_ANCHO,NU_SC_X,NU_SC_Y,NU_IDX_CLIENTE,CD_USU_CREA,CD_USU_MODI,FH_CREACION,FH_MODIFICACION,NB_MASK) values ('8982','5','A','46','580','RBA0|P06',null,'Arial9','0','T',null,null,null,null,null,null,null,null,null);
Insert into APDIGB.TBG004_ITEM (CD_ITEM,CD_SECCION,ST_ACTIVO,NU_COOR_X,NU_COOR_Y,NB_NOMBRE_VAR,NB_VALOR_VAR,NB_FUENTE,NU_ALINEAR,CH_TIPO,NU_ANCHO,NU_SC_X,NU_SC_Y,NU_IDX_CLIENTE,CD_USU_CREA,CD_USU_MODI,FH_CREACION,FH_MODIFICACION,NB_MASK) values ('8983','5','A','80','534','RBA0|P07',null,'Arial9','0','T',null,null,null,null,null,null,null,null,null);
Insert into APDIGB.TBG004_ITEM (CD_ITEM,CD_SECCION,ST_ACTIVO,NU_COOR_X,NU_COOR_Y,NB_NOMBRE_VAR,NB_VALOR_VAR,NB_FUENTE,NU_ALINEAR,CH_TIPO,NU_ANCHO,NU_SC_X,NU_SC_Y,NU_IDX_CLIENTE,CD_USU_CREA,CD_USU_MODI,FH_CREACION,FH_MODIFICACION,NB_MASK) values ('8984','5','A','80','523','RBA0|P08',null,'Arial9','0','T',null,null,null,null,null,null,null,null,null);
Insert into APDIGB.TBG004_ITEM (CD_ITEM,CD_SECCION,ST_ACTIVO,NU_COOR_X,NU_COOR_Y,NB_NOMBRE_VAR,NB_VALOR_VAR,NB_FUENTE,NU_ALINEAR,CH_TIPO,NU_ANCHO,NU_SC_X,NU_SC_Y,NU_IDX_CLIENTE,CD_USU_CREA,CD_USU_MODI,FH_CREACION,FH_MODIFICACION,NB_MASK) values ('8985','5','A','80','512','RBA0|P09',null,'Arial9','0','T',null,null,null,null,null,null,null,null,null);
Insert into APDIGB.TBG004_ITEM (CD_ITEM,CD_SECCION,ST_ACTIVO,NU_COOR_X,NU_COOR_Y,NB_NOMBRE_VAR,NB_VALOR_VAR,NB_FUENTE,NU_ALINEAR,CH_TIPO,NU_ANCHO,NU_SC_X,NU_SC_Y,NU_IDX_CLIENTE,CD_USU_CREA,CD_USU_MODI,FH_CREACION,FH_MODIFICACION,NB_MASK) values ('8986','5','A','80','501','RBA0|P10',null,'Arial9','0','T',null,null,null,null,null,null,null,null,null);
Insert into APDIGB.TBG004_ITEM (CD_ITEM,CD_SECCION,ST_ACTIVO,NU_COOR_X,NU_COOR_Y,NB_NOMBRE_VAR,NB_VALOR_VAR,NB_FUENTE,NU_ALINEAR,CH_TIPO,NU_ANCHO,NU_SC_X,NU_SC_Y,NU_IDX_CLIENTE,CD_USU_CREA,CD_USU_MODI,FH_CREACION,FH_MODIFICACION,NB_MASK) values ('8987','5','A','80','490','RBA0|P11',null,'Arial9','0','T',null,null,null,null,null,null,null,null,null);
Insert into APDIGB.TBG004_ITEM (CD_ITEM,CD_SECCION,ST_ACTIVO,NU_COOR_X,NU_COOR_Y,NB_NOMBRE_VAR,NB_VALOR_VAR,NB_FUENTE,NU_ALINEAR,CH_TIPO,NU_ANCHO,NU_SC_X,NU_SC_Y,NU_IDX_CLIENTE,CD_USU_CREA,CD_USU_MODI,FH_CREACION,FH_MODIFICACION,NB_MASK) values ('8988','5','A','115','463','RBA0|P12',null,'Arial9','0','T',null,null,null,null,null,null,null,null,null);
Insert into APDIGB.TBG004_ITEM (CD_ITEM,CD_SECCION,ST_ACTIVO,NU_COOR_X,NU_COOR_Y,NB_NOMBRE_VAR,NB_VALOR_VAR,NB_FUENTE,NU_ALINEAR,CH_TIPO,NU_ANCHO,NU_SC_X,NU_SC_Y,NU_IDX_CLIENTE,CD_USU_CREA,CD_USU_MODI,FH_CREACION,FH_MODIFICACION,NB_MASK) values ('8989','5','A','145','463','RBA0|P13',null,'Arial9','0','T',null,null,null,null,null,null,null,null,null);
Insert into APDIGB.TBG004_ITEM (CD_ITEM,CD_SECCION,ST_ACTIVO,NU_COOR_X,NU_COOR_Y,NB_NOMBRE_VAR,NB_VALOR_VAR,NB_FUENTE,NU_ALINEAR,CH_TIPO,NU_ANCHO,NU_SC_X,NU_SC_Y,NU_IDX_CLIENTE,CD_USU_CREA,CD_USU_MODI,FH_CREACION,FH_MODIFICACION,NB_MASK) values ('8990','5','A','189','463','RBA0|P14',null,'Arial9','0','T',null,null,null,null,null,null,null,null,null);
Insert into APDIGB.TBG004_ITEM (CD_ITEM,CD_SECCION,ST_ACTIVO,NU_COOR_X,NU_COOR_Y,NB_NOMBRE_VAR,NB_VALOR_VAR,NB_FUENTE,NU_ALINEAR,CH_TIPO,NU_ANCHO,NU_SC_X,NU_SC_Y,NU_IDX_CLIENTE,CD_USU_CREA,CD_USU_MODI,FH_CREACION,FH_MODIFICACION,NB_MASK) values ('9009','9','A','483','781','CTR0|A01',null,'ArialBold10_5','0','T',null,null,null,null,null,null,null,null,null);
Insert into APDIGB.TBG004_ITEM (CD_ITEM,CD_SECCION,ST_ACTIVO,NU_COOR_X,NU_COOR_Y,NB_NOMBRE_VAR,NB_VALOR_VAR,NB_FUENTE,NU_ALINEAR,CH_TIPO,NU_ANCHO,NU_SC_X,NU_SC_Y,NU_IDX_CLIENTE,CD_USU_CREA,CD_USU_MODI,FH_CREACION,FH_MODIFICACION,NB_MASK) values ('9010','9','A','49','745','CTR0|G01',null,'ArialBold10_5','0','T',null,null,null,null,null,null,null,null,null);
Insert into APDIGB.TBG004_ITEM (CD_ITEM,CD_SECCION,ST_ACTIVO,NU_COOR_X,NU_COOR_Y,NB_NOMBRE_VAR,NB_VALOR_VAR,NB_FUENTE,NU_ALINEAR,CH_TIPO,NU_ANCHO,NU_SC_X,NU_SC_Y,NU_IDX_CLIENTE,CD_USU_CREA,CD_USU_MODI,FH_CREACION,FH_MODIFICACION,NB_MASK) values ('9011','9','A','167','714','CTR0|G03',null,'ArialBold10_5','0','T',null,null,null,null,null,null,null,null,null);
Insert into APDIGB.TBG004_ITEM (CD_ITEM,CD_SECCION,ST_ACTIVO,NU_COOR_X,NU_COOR_Y,NB_NOMBRE_VAR,NB_VALOR_VAR,NB_FUENTE,NU_ALINEAR,CH_TIPO,NU_ANCHO,NU_SC_X,NU_SC_Y,NU_IDX_CLIENTE,CD_USU_CREA,CD_USU_MODI,FH_CREACION,FH_MODIFICACION,NB_MASK) values ('9012','9','A','113','692','CTR0|A06',null,'ArialBold10_5','0','T',null,null,null,null,null,null,null,null,null);
Insert into APDIGB.TBG004_ITEM (CD_ITEM,CD_SECCION,ST_ACTIVO,NU_COOR_X,NU_COOR_Y,NB_NOMBRE_VAR,NB_VALOR_VAR,NB_FUENTE,NU_ALINEAR,CH_TIPO,NU_ANCHO,NU_SC_X,NU_SC_Y,NU_IDX_CLIENTE,CD_USU_CREA,CD_USU_MODI,FH_CREACION,FH_MODIFICACION,NB_MASK) values ('9013','9','A','113','678','CTR0|A07',null,'ArialBold10_5','0','T',null,null,null,null,null,null,null,null,null);
Insert into APDIGB.TBG004_ITEM (CD_ITEM,CD_SECCION,ST_ACTIVO,NU_COOR_X,NU_COOR_Y,NB_NOMBRE_VAR,NB_VALOR_VAR,NB_FUENTE,NU_ALINEAR,CH_TIPO,NU_ANCHO,NU_SC_X,NU_SC_Y,NU_IDX_CLIENTE,CD_USU_CREA,CD_USU_MODI,FH_CREACION,FH_MODIFICACION,NB_MASK) values ('9014','9','A','103','662','CTR0|A08',null,'ArialBold10_5','0','T',null,null,null,null,null,null,null,null,null);
Insert into APDIGB.TBG004_ITEM (CD_ITEM,CD_SECCION,ST_ACTIVO,NU_COOR_X,NU_COOR_Y,NB_NOMBRE_VAR,NB_VALOR_VAR,NB_FUENTE,NU_ALINEAR,CH_TIPO,NU_ANCHO,NU_SC_X,NU_SC_Y,NU_IDX_CLIENTE,CD_USU_CREA,CD_USU_MODI,FH_CREACION,FH_MODIFICACION,NB_MASK) values ('9015','9','A','498','662','CTR0|A09',null,'ArialBold10_5','0','T',null,null,null,null,null,null,null,null,null);
Insert into APDIGB.TBG004_ITEM (CD_ITEM,CD_SECCION,ST_ACTIVO,NU_COOR_X,NU_COOR_Y,NB_NOMBRE_VAR,NB_VALOR_VAR,NB_FUENTE,NU_ALINEAR,CH_TIPO,NU_ANCHO,NU_SC_X,NU_SC_Y,NU_IDX_CLIENTE,CD_USU_CREA,CD_USU_MODI,FH_CREACION,FH_MODIFICACION,NB_MASK) values ('9016','9','A','410','732','CTR0|A02',null,'ArialBold10_5','0','T',null,null,null,null,null,null,null,null,null);
Insert into APDIGB.TBG004_ITEM (CD_ITEM,CD_SECCION,ST_ACTIVO,NU_COOR_X,NU_COOR_Y,NB_NOMBRE_VAR,NB_VALOR_VAR,NB_FUENTE,NU_ALINEAR,CH_TIPO,NU_ANCHO,NU_SC_X,NU_SC_Y,NU_IDX_CLIENTE,CD_USU_CREA,CD_USU_MODI,FH_CREACION,FH_MODIFICACION,NB_MASK) values ('9017','9','A','445','732','CTR0|A03',null,'ArialBold10_5','0','T',null,null,null,null,null,null,null,null,null);
Insert into APDIGB.TBG004_ITEM (CD_ITEM,CD_SECCION,ST_ACTIVO,NU_COOR_X,NU_COOR_Y,NB_NOMBRE_VAR,NB_VALOR_VAR,NB_FUENTE,NU_ALINEAR,CH_TIPO,NU_ANCHO,NU_SC_X,NU_SC_Y,NU_IDX_CLIENTE,CD_USU_CREA,CD_USU_MODI,FH_CREACION,FH_MODIFICACION,NB_MASK) values ('9018','9','A','478','732','CTR0|A04',null,'ArialBold10_5','0','T',null,null,null,null,null,null,null,null,null);
Insert into APDIGB.TBG004_ITEM (CD_ITEM,CD_SECCION,ST_ACTIVO,NU_COOR_X,NU_COOR_Y,NB_NOMBRE_VAR,NB_VALOR_VAR,NB_FUENTE,NU_ALINEAR,CH_TIPO,NU_ANCHO,NU_SC_X,NU_SC_Y,NU_IDX_CLIENTE,CD_USU_CREA,CD_USU_MODI,FH_CREACION,FH_MODIFICACION,NB_MASK) values ('9019','9','A','541','732','CTR0|A05',null,'ArialBold10_5','0','T',null,null,null,null,null,null,null,null,null);
Insert into APDIGB.TBG004_ITEM (CD_ITEM,CD_SECCION,ST_ACTIVO,NU_COOR_X,NU_COOR_Y,NB_NOMBRE_VAR,NB_VALOR_VAR,NB_FUENTE,NU_ALINEAR,CH_TIPO,NU_ANCHO,NU_SC_X,NU_SC_Y,NU_IDX_CLIENTE,CD_USU_CREA,CD_USU_MODI,FH_CREACION,FH_MODIFICACION,NB_MASK) values ('9020','10','A','167','253','CTR0|A01',null,'Arial11','0','T',null,null,null,null,null,null,null,null,null);
Insert into APDIGB.TBG004_ITEM (CD_ITEM,CD_SECCION,ST_ACTIVO,NU_COOR_X,NU_COOR_Y,NB_NOMBRE_VAR,NB_VALOR_VAR,NB_FUENTE,NU_ALINEAR,CH_TIPO,NU_ANCHO,NU_SC_X,NU_SC_Y,NU_IDX_CLIENTE,CD_USU_CREA,CD_USU_MODI,FH_CREACION,FH_MODIFICACION,NB_MASK) values ('9021','10','A','162','114','CTR0|G03',null,'ArialBold9','0','T',null,null,null,null,null,null,null,null,null);
Insert into APDIGB.TBG004_ITEM (CD_ITEM,CD_SECCION,ST_ACTIVO,NU_COOR_X,NU_COOR_Y,NB_NOMBRE_VAR,NB_VALOR_VAR,NB_FUENTE,NU_ALINEAR,CH_TIPO,NU_ANCHO,NU_SC_X,NU_SC_Y,NU_IDX_CLIENTE,CD_USU_CREA,CD_USU_MODI,FH_CREACION,FH_MODIFICACION,NB_MASK) values ('9022','10','A','155','126','CTR0|G01',null,'ArialBold9','1','T',null,null,null,null,null,null,null,null,null);
Insert into APDIGB.TBG004_ITEM (CD_ITEM,CD_SECCION,ST_ACTIVO,NU_COOR_X,NU_COOR_Y,NB_NOMBRE_VAR,NB_VALOR_VAR,NB_FUENTE,NU_ALINEAR,CH_TIPO,NU_ANCHO,NU_SC_X,NU_SC_Y,NU_IDX_CLIENTE,CD_USU_CREA,CD_USU_MODI,FH_CREACION,FH_MODIFICACION,NB_MASK) values ('9024','11','A','200','491','barcode',null,null,'0','B','171','171','25','0',null,null,null,null,null);
Insert into APDIGB.TBG004_ITEM (CD_ITEM,CD_SECCION,ST_ACTIVO,NU_COOR_X,NU_COOR_Y,NB_NOMBRE_VAR,NB_VALOR_VAR,NB_FUENTE,NU_ALINEAR,CH_TIPO,NU_ANCHO,NU_SC_X,NU_SC_Y,NU_IDX_CLIENTE,CD_USU_CREA,CD_USU_MODI,FH_CREACION,FH_MODIFICACION,NB_MASK) values ('9025','7','A','481','773','CTR0|A01',null,'ArialBold10_5','0','T',null,null,null,null,null,null,null,null,null);
Insert into APDIGB.TBG004_ITEM (CD_ITEM,CD_SECCION,ST_ACTIVO,NU_COOR_X,NU_COOR_Y,NB_NOMBRE_VAR,NB_VALOR_VAR,NB_FUENTE,NU_ALINEAR,CH_TIPO,NU_ANCHO,NU_SC_X,NU_SC_Y,NU_IDX_CLIENTE,CD_USU_CREA,CD_USU_MODI,FH_CREACION,FH_MODIFICACION,NB_MASK) values ('9026','7','A','46','734','CTR0|G01',null,'ArialBold10_5','0','T',null,null,null,null,null,null,null,null,null);
Insert into APDIGB.TBG004_ITEM (CD_ITEM,CD_SECCION,ST_ACTIVO,NU_COOR_X,NU_COOR_Y,NB_NOMBRE_VAR,NB_VALOR_VAR,NB_FUENTE,NU_ALINEAR,CH_TIPO,NU_ANCHO,NU_SC_X,NU_SC_Y,NU_IDX_CLIENTE,CD_USU_CREA,CD_USU_MODI,FH_CREACION,FH_MODIFICACION,NB_MASK) values ('9027','7','A','165','706','CTR0|G03',null,'ArialBold10_5','0','T',null,null,null,null,null,null,null,null,null);
Insert into APDIGB.TBG004_ITEM (CD_ITEM,CD_SECCION,ST_ACTIVO,NU_COOR_X,NU_COOR_Y,NB_NOMBRE_VAR,NB_VALOR_VAR,NB_FUENTE,NU_ALINEAR,CH_TIPO,NU_ANCHO,NU_SC_X,NU_SC_Y,NU_IDX_CLIENTE,CD_USU_CREA,CD_USU_MODI,FH_CREACION,FH_MODIFICACION,NB_MASK) values ('9028','7','A','113','690','CTR0|A06',null,'ArialBold10_5','0','T',null,null,null,null,null,null,null,null,null);
Insert into APDIGB.TBG004_ITEM (CD_ITEM,CD_SECCION,ST_ACTIVO,NU_COOR_X,NU_COOR_Y,NB_NOMBRE_VAR,NB_VALOR_VAR,NB_FUENTE,NU_ALINEAR,CH_TIPO,NU_ANCHO,NU_SC_X,NU_SC_Y,NU_IDX_CLIENTE,CD_USU_CREA,CD_USU_MODI,FH_CREACION,FH_MODIFICACION,NB_MASK) values ('9029','7','A','113','675','CTR0|A07',null,'ArialBold10_5','0','T',null,null,null,null,null,null,null,null,null);
Insert into APDIGB.TBG004_ITEM (CD_ITEM,CD_SECCION,ST_ACTIVO,NU_COOR_X,NU_COOR_Y,NB_NOMBRE_VAR,NB_VALOR_VAR,NB_FUENTE,NU_ALINEAR,CH_TIPO,NU_ANCHO,NU_SC_X,NU_SC_Y,NU_IDX_CLIENTE,CD_USU_CREA,CD_USU_MODI,FH_CREACION,FH_MODIFICACION,NB_MASK) values ('9030','7','A','103','659','CTR0|A08',null,'ArialBold10_5','0','T',null,null,null,null,null,null,null,null,null);
Insert into APDIGB.TBG004_ITEM (CD_ITEM,CD_SECCION,ST_ACTIVO,NU_COOR_X,NU_COOR_Y,NB_NOMBRE_VAR,NB_VALOR_VAR,NB_FUENTE,NU_ALINEAR,CH_TIPO,NU_ANCHO,NU_SC_X,NU_SC_Y,NU_IDX_CLIENTE,CD_USU_CREA,CD_USU_MODI,FH_CREACION,FH_MODIFICACION,NB_MASK) values ('9031','7','A','498','659','CTR0|A09',null,'ArialBold10_5','0','T',null,null,null,null,null,null,null,null,null);
Insert into APDIGB.TBG004_ITEM (CD_ITEM,CD_SECCION,ST_ACTIVO,NU_COOR_X,NU_COOR_Y,NB_NOMBRE_VAR,NB_VALOR_VAR,NB_FUENTE,NU_ALINEAR,CH_TIPO,NU_ANCHO,NU_SC_X,NU_SC_Y,NU_IDX_CLIENTE,CD_USU_CREA,CD_USU_MODI,FH_CREACION,FH_MODIFICACION,NB_MASK) values ('9032','7','A','412','723','CTR0|A02',null,'ArialBold10_5','0','T',null,null,null,null,null,null,null,null,null);
Insert into APDIGB.TBG004_ITEM (CD_ITEM,CD_SECCION,ST_ACTIVO,NU_COOR_X,NU_COOR_Y,NB_NOMBRE_VAR,NB_VALOR_VAR,NB_FUENTE,NU_ALINEAR,CH_TIPO,NU_ANCHO,NU_SC_X,NU_SC_Y,NU_IDX_CLIENTE,CD_USU_CREA,CD_USU_MODI,FH_CREACION,FH_MODIFICACION,NB_MASK) values ('9033','7','A','446','723','CTR0|A03',null,'ArialBold10_5','0','T',null,null,null,null,null,null,null,null,null);
Insert into APDIGB.TBG004_ITEM (CD_ITEM,CD_SECCION,ST_ACTIVO,NU_COOR_X,NU_COOR_Y,NB_NOMBRE_VAR,NB_VALOR_VAR,NB_FUENTE,NU_ALINEAR,CH_TIPO,NU_ANCHO,NU_SC_X,NU_SC_Y,NU_IDX_CLIENTE,CD_USU_CREA,CD_USU_MODI,FH_CREACION,FH_MODIFICACION,NB_MASK) values ('9034','7','A','478','723','CTR0|A04',null,'ArialBold10_5','0','T',null,null,null,null,null,null,null,null,null);
Insert into APDIGB.TBG004_ITEM (CD_ITEM,CD_SECCION,ST_ACTIVO,NU_COOR_X,NU_COOR_Y,NB_NOMBRE_VAR,NB_VALOR_VAR,NB_FUENTE,NU_ALINEAR,CH_TIPO,NU_ANCHO,NU_SC_X,NU_SC_Y,NU_IDX_CLIENTE,CD_USU_CREA,CD_USU_MODI,FH_CREACION,FH_MODIFICACION,NB_MASK) values ('9035','7','A','542','723','CTR0|A05',null,'ArialBold10_5','0','T',null,null,null,null,null,null,null,null,null);
Insert into APDIGB.TBG004_ITEM (CD_ITEM,CD_SECCION,ST_ACTIVO,NU_COOR_X,NU_COOR_Y,NB_NOMBRE_VAR,NB_VALOR_VAR,NB_FUENTE,NU_ALINEAR,CH_TIPO,NU_ANCHO,NU_SC_X,NU_SC_Y,NU_IDX_CLIENTE,CD_USU_CREA,CD_USU_MODI,FH_CREACION,FH_MODIFICACION,NB_MASK) values ('9036','8','A','167','750','CTR0|A01',null,'Arial11','0','T',null,null,null,null,null,null,null,null,null);
Insert into APDIGB.TBG004_ITEM (CD_ITEM,CD_SECCION,ST_ACTIVO,NU_COOR_X,NU_COOR_Y,NB_NOMBRE_VAR,NB_VALOR_VAR,NB_FUENTE,NU_ALINEAR,CH_TIPO,NU_ANCHO,NU_SC_X,NU_SC_Y,NU_IDX_CLIENTE,CD_USU_CREA,CD_USU_MODI,FH_CREACION,FH_MODIFICACION,NB_MASK) values ('9037','8','A','161','602','CTR0|G03',null,'ArialBold9','0','T',null,null,null,null,null,null,null,null,null);
Insert into APDIGB.TBG004_ITEM (CD_ITEM,CD_SECCION,ST_ACTIVO,NU_COOR_X,NU_COOR_Y,NB_NOMBRE_VAR,NB_VALOR_VAR,NB_FUENTE,NU_ALINEAR,CH_TIPO,NU_ANCHO,NU_SC_X,NU_SC_Y,NU_IDX_CLIENTE,CD_USU_CREA,CD_USU_MODI,FH_CREACION,FH_MODIFICACION,NB_MASK) values ('9038','8','A','156','613','CTR0|G01',null,'ArialBold9','1','T',null,null,null,null,null,null,null,null,null);
Insert into APDIGB.TBG004_ITEM (CD_ITEM,CD_SECCION,ST_ACTIVO,NU_COOR_X,NU_COOR_Y,NB_NOMBRE_VAR,NB_VALOR_VAR,NB_FUENTE,NU_ALINEAR,CH_TIPO,NU_ANCHO,NU_SC_X,NU_SC_Y,NU_IDX_CLIENTE,CD_USU_CREA,CD_USU_MODI,FH_CREACION,FH_MODIFICACION,NB_MASK) values ('9040','8','A','200','302','barcode',null,null,'0','B','171','171','25','0',null,null,null,null,null);
Insert into APDIGB.TBG004_ITEM (CD_ITEM,CD_SECCION,ST_ACTIVO,NU_COOR_X,NU_COOR_Y,NB_NOMBRE_VAR,NB_VALOR_VAR,NB_FUENTE,NU_ALINEAR,CH_TIPO,NU_ANCHO,NU_SC_X,NU_SC_Y,NU_IDX_CLIENTE,CD_USU_CREA,CD_USU_MODI,FH_CREACION,FH_MODIFICACION,NB_MASK) values ('9041','12','A','483','787','CTR0|A01',null,'ArialBold10_5','0','T',null,null,null,null,null,null,null,null,null);
Insert into APDIGB.TBG004_ITEM (CD_ITEM,CD_SECCION,ST_ACTIVO,NU_COOR_X,NU_COOR_Y,NB_NOMBRE_VAR,NB_VALOR_VAR,NB_FUENTE,NU_ALINEAR,CH_TIPO,NU_ANCHO,NU_SC_X,NU_SC_Y,NU_IDX_CLIENTE,CD_USU_CREA,CD_USU_MODI,FH_CREACION,FH_MODIFICACION,NB_MASK) values ('9042','12','A','46','756','CTR0|G01',null,'ArialBold10_5','0','T',null,null,null,null,null,null,null,null,null);
Insert into APDIGB.TBG004_ITEM (CD_ITEM,CD_SECCION,ST_ACTIVO,NU_COOR_X,NU_COOR_Y,NB_NOMBRE_VAR,NB_VALOR_VAR,NB_FUENTE,NU_ALINEAR,CH_TIPO,NU_ANCHO,NU_SC_X,NU_SC_Y,NU_IDX_CLIENTE,CD_USU_CREA,CD_USU_MODI,FH_CREACION,FH_MODIFICACION,NB_MASK) values ('9043','12','A','171','728','CTR0|G03',null,'ArialBold10_5','0','T',null,null,null,null,null,null,null,null,null);
Insert into APDIGB.TBG004_ITEM (CD_ITEM,CD_SECCION,ST_ACTIVO,NU_COOR_X,NU_COOR_Y,NB_NOMBRE_VAR,NB_VALOR_VAR,NB_FUENTE,NU_ALINEAR,CH_TIPO,NU_ANCHO,NU_SC_X,NU_SC_Y,NU_IDX_CLIENTE,CD_USU_CREA,CD_USU_MODI,FH_CREACION,FH_MODIFICACION,NB_MASK) values ('9044','12','A','113','711','CTR0|A06',null,'ArialBold10_5','0','T',null,null,null,null,null,null,null,null,null);
Insert into APDIGB.TBG004_ITEM (CD_ITEM,CD_SECCION,ST_ACTIVO,NU_COOR_X,NU_COOR_Y,NB_NOMBRE_VAR,NB_VALOR_VAR,NB_FUENTE,NU_ALINEAR,CH_TIPO,NU_ANCHO,NU_SC_X,NU_SC_Y,NU_IDX_CLIENTE,CD_USU_CREA,CD_USU_MODI,FH_CREACION,FH_MODIFICACION,NB_MASK) values ('9045','12','A','113','698','CTR0|A07',null,'ArialBold10_5','0','T',null,null,null,null,null,null,null,null,null);
Insert into APDIGB.TBG004_ITEM (CD_ITEM,CD_SECCION,ST_ACTIVO,NU_COOR_X,NU_COOR_Y,NB_NOMBRE_VAR,NB_VALOR_VAR,NB_FUENTE,NU_ALINEAR,CH_TIPO,NU_ANCHO,NU_SC_X,NU_SC_Y,NU_IDX_CLIENTE,CD_USU_CREA,CD_USU_MODI,FH_CREACION,FH_MODIFICACION,NB_MASK) values ('9046','12','A','103','685','CTR0|A08',null,'ArialBold10_5','0','T',null,null,null,null,null,null,null,null,null);
Insert into APDIGB.TBG004_ITEM (CD_ITEM,CD_SECCION,ST_ACTIVO,NU_COOR_X,NU_COOR_Y,NB_NOMBRE_VAR,NB_VALOR_VAR,NB_FUENTE,NU_ALINEAR,CH_TIPO,NU_ANCHO,NU_SC_X,NU_SC_Y,NU_IDX_CLIENTE,CD_USU_CREA,CD_USU_MODI,FH_CREACION,FH_MODIFICACION,NB_MASK) values ('9047','12','A','466','685','CTR0|A09',null,'ArialBold10_5','0','T',null,null,null,null,null,null,null,null,null);
Insert into APDIGB.TBG004_ITEM (CD_ITEM,CD_SECCION,ST_ACTIVO,NU_COOR_X,NU_COOR_Y,NB_NOMBRE_VAR,NB_VALOR_VAR,NB_FUENTE,NU_ALINEAR,CH_TIPO,NU_ANCHO,NU_SC_X,NU_SC_Y,NU_IDX_CLIENTE,CD_USU_CREA,CD_USU_MODI,FH_CREACION,FH_MODIFICACION,NB_MASK) values ('9048','12','A','412','738','CTR0|A02',null,'ArialBold10_5','0','T',null,null,null,null,null,null,null,null,null);
Insert into APDIGB.TBG004_ITEM (CD_ITEM,CD_SECCION,ST_ACTIVO,NU_COOR_X,NU_COOR_Y,NB_NOMBRE_VAR,NB_VALOR_VAR,NB_FUENTE,NU_ALINEAR,CH_TIPO,NU_ANCHO,NU_SC_X,NU_SC_Y,NU_IDX_CLIENTE,CD_USU_CREA,CD_USU_MODI,FH_CREACION,FH_MODIFICACION,NB_MASK) values ('9049','12','A','447','738','CTR0|A03',null,'ArialBold10_5','0','T',null,null,null,null,null,null,null,null,null);
Insert into APDIGB.TBG004_ITEM (CD_ITEM,CD_SECCION,ST_ACTIVO,NU_COOR_X,NU_COOR_Y,NB_NOMBRE_VAR,NB_VALOR_VAR,NB_FUENTE,NU_ALINEAR,CH_TIPO,NU_ANCHO,NU_SC_X,NU_SC_Y,NU_IDX_CLIENTE,CD_USU_CREA,CD_USU_MODI,FH_CREACION,FH_MODIFICACION,NB_MASK) values ('9050','12','A','477','738','CTR0|A04',null,'ArialBold10_5','0','T',null,null,null,null,null,null,null,null,null);
Insert into APDIGB.TBG004_ITEM (CD_ITEM,CD_SECCION,ST_ACTIVO,NU_COOR_X,NU_COOR_Y,NB_NOMBRE_VAR,NB_VALOR_VAR,NB_FUENTE,NU_ALINEAR,CH_TIPO,NU_ANCHO,NU_SC_X,NU_SC_Y,NU_IDX_CLIENTE,CD_USU_CREA,CD_USU_MODI,FH_CREACION,FH_MODIFICACION,NB_MASK) values ('9051','12','A','543','738','CTR0|A05',null,'ArialBold10_5','0','T',null,null,null,null,null,null,null,null,null);
Insert into APDIGB.TBG004_ITEM (CD_ITEM,CD_SECCION,ST_ACTIVO,NU_COOR_X,NU_COOR_Y,NB_NOMBRE_VAR,NB_VALOR_VAR,NB_FUENTE,NU_ALINEAR,CH_TIPO,NU_ANCHO,NU_SC_X,NU_SC_Y,NU_IDX_CLIENTE,CD_USU_CREA,CD_USU_MODI,FH_CREACION,FH_MODIFICACION,NB_MASK) values ('9052','13','A','169','753','CTR0|A01',null,'Arial11','0','T',null,null,null,null,null,null,null,null,null);
Insert into APDIGB.TBG004_ITEM (CD_ITEM,CD_SECCION,ST_ACTIVO,NU_COOR_X,NU_COOR_Y,NB_NOMBRE_VAR,NB_VALOR_VAR,NB_FUENTE,NU_ALINEAR,CH_TIPO,NU_ANCHO,NU_SC_X,NU_SC_Y,NU_IDX_CLIENTE,CD_USU_CREA,CD_USU_MODI,FH_CREACION,FH_MODIFICACION,NB_MASK) values ('9053','13','A','164','601','CTR0|G03',null,'ArialBold9','0','T',null,null,null,null,null,null,null,null,null);
Insert into APDIGB.TBG004_ITEM (CD_ITEM,CD_SECCION,ST_ACTIVO,NU_COOR_X,NU_COOR_Y,NB_NOMBRE_VAR,NB_VALOR_VAR,NB_FUENTE,NU_ALINEAR,CH_TIPO,NU_ANCHO,NU_SC_X,NU_SC_Y,NU_IDX_CLIENTE,CD_USU_CREA,CD_USU_MODI,FH_CREACION,FH_MODIFICACION,NB_MASK) values ('9054','13','A','158','618','CTR0|G01',null,'ArialBold9','1','T',null,null,null,null,null,null,null,null,null);
Insert into APDIGB.TBG004_ITEM (CD_ITEM,CD_SECCION,ST_ACTIVO,NU_COOR_X,NU_COOR_Y,NB_NOMBRE_VAR,NB_VALOR_VAR,NB_FUENTE,NU_ALINEAR,CH_TIPO,NU_ANCHO,NU_SC_X,NU_SC_Y,NU_IDX_CLIENTE,CD_USU_CREA,CD_USU_MODI,FH_CREACION,FH_MODIFICACION,NB_MASK) values ('9056','13','A','200','300','barcode',null,null,'0','B','171','171','25','0',null,null,null,null,null);
Insert into APDIGB.TBG004_ITEM (CD_ITEM,CD_SECCION,ST_ACTIVO,NU_COOR_X,NU_COOR_Y,NB_NOMBRE_VAR,NB_VALOR_VAR,NB_FUENTE,NU_ALINEAR,CH_TIPO,NU_ANCHO,NU_SC_X,NU_SC_Y,NU_IDX_CLIENTE,CD_USU_CREA,CD_USU_MODI,FH_CREACION,FH_MODIFICACION,NB_MASK) values ('9057','14','A','480','780','CTR0|A01',null,'ArialBold10_5','0','T',null,null,null,null,null,null,null,null,null);
Insert into APDIGB.TBG004_ITEM (CD_ITEM,CD_SECCION,ST_ACTIVO,NU_COOR_X,NU_COOR_Y,NB_NOMBRE_VAR,NB_VALOR_VAR,NB_FUENTE,NU_ALINEAR,CH_TIPO,NU_ANCHO,NU_SC_X,NU_SC_Y,NU_IDX_CLIENTE,CD_USU_CREA,CD_USU_MODI,FH_CREACION,FH_MODIFICACION,NB_MASK) values ('9058','14','A','49','745','CTR0|G01',null,'ArialBold10_5','0','T',null,null,null,null,null,null,null,null,null);
Insert into APDIGB.TBG004_ITEM (CD_ITEM,CD_SECCION,ST_ACTIVO,NU_COOR_X,NU_COOR_Y,NB_NOMBRE_VAR,NB_VALOR_VAR,NB_FUENTE,NU_ALINEAR,CH_TIPO,NU_ANCHO,NU_SC_X,NU_SC_Y,NU_IDX_CLIENTE,CD_USU_CREA,CD_USU_MODI,FH_CREACION,FH_MODIFICACION,NB_MASK) values ('9059','14','A','167','714','CTR0|G03',null,'ArialBold10_5','0','T',null,null,null,null,null,null,null,null,null);
Insert into APDIGB.TBG004_ITEM (CD_ITEM,CD_SECCION,ST_ACTIVO,NU_COOR_X,NU_COOR_Y,NB_NOMBRE_VAR,NB_VALOR_VAR,NB_FUENTE,NU_ALINEAR,CH_TIPO,NU_ANCHO,NU_SC_X,NU_SC_Y,NU_IDX_CLIENTE,CD_USU_CREA,CD_USU_MODI,FH_CREACION,FH_MODIFICACION,NB_MASK) values ('9060','14','A','113','693','CTR0|A06',null,'ArialBold10_5','0','T',null,null,null,null,null,null,null,null,null);
Insert into APDIGB.TBG004_ITEM (CD_ITEM,CD_SECCION,ST_ACTIVO,NU_COOR_X,NU_COOR_Y,NB_NOMBRE_VAR,NB_VALOR_VAR,NB_FUENTE,NU_ALINEAR,CH_TIPO,NU_ANCHO,NU_SC_X,NU_SC_Y,NU_IDX_CLIENTE,CD_USU_CREA,CD_USU_MODI,FH_CREACION,FH_MODIFICACION,NB_MASK) values ('9061','14','A','113','678','CTR0|A07',null,'ArialBold10_5','0','T',null,null,null,null,null,null,null,null,null);
Insert into APDIGB.TBG004_ITEM (CD_ITEM,CD_SECCION,ST_ACTIVO,NU_COOR_X,NU_COOR_Y,NB_NOMBRE_VAR,NB_VALOR_VAR,NB_FUENTE,NU_ALINEAR,CH_TIPO,NU_ANCHO,NU_SC_X,NU_SC_Y,NU_IDX_CLIENTE,CD_USU_CREA,CD_USU_MODI,FH_CREACION,FH_MODIFICACION,NB_MASK) values ('9062','14','A','103','662','CTR0|A08',null,'ArialBold10_5','0','T',null,null,null,null,null,null,null,null,null);
Insert into APDIGB.TBG004_ITEM (CD_ITEM,CD_SECCION,ST_ACTIVO,NU_COOR_X,NU_COOR_Y,NB_NOMBRE_VAR,NB_VALOR_VAR,NB_FUENTE,NU_ALINEAR,CH_TIPO,NU_ANCHO,NU_SC_X,NU_SC_Y,NU_IDX_CLIENTE,CD_USU_CREA,CD_USU_MODI,FH_CREACION,FH_MODIFICACION,NB_MASK) values ('9063','14','A','499','662','CTR0|A09',null,'ArialBold10_5','0','T',null,null,null,null,null,null,null,null,null);
Insert into APDIGB.TBG004_ITEM (CD_ITEM,CD_SECCION,ST_ACTIVO,NU_COOR_X,NU_COOR_Y,NB_NOMBRE_VAR,NB_VALOR_VAR,NB_FUENTE,NU_ALINEAR,CH_TIPO,NU_ANCHO,NU_SC_X,NU_SC_Y,NU_IDX_CLIENTE,CD_USU_CREA,CD_USU_MODI,FH_CREACION,FH_MODIFICACION,NB_MASK) values ('9064','14','A','409','732','CTR0|A02',null,'ArialBold10_5','0','T',null,null,null,null,null,null,null,null,null);
Insert into APDIGB.TBG004_ITEM (CD_ITEM,CD_SECCION,ST_ACTIVO,NU_COOR_X,NU_COOR_Y,NB_NOMBRE_VAR,NB_VALOR_VAR,NB_FUENTE,NU_ALINEAR,CH_TIPO,NU_ANCHO,NU_SC_X,NU_SC_Y,NU_IDX_CLIENTE,CD_USU_CREA,CD_USU_MODI,FH_CREACION,FH_MODIFICACION,NB_MASK) values ('9065','14','A','444','732','CTR0|A03',null,'ArialBold10_5','0','T',null,null,null,null,null,null,null,null,null);
Insert into APDIGB.TBG004_ITEM (CD_ITEM,CD_SECCION,ST_ACTIVO,NU_COOR_X,NU_COOR_Y,NB_NOMBRE_VAR,NB_VALOR_VAR,NB_FUENTE,NU_ALINEAR,CH_TIPO,NU_ANCHO,NU_SC_X,NU_SC_Y,NU_IDX_CLIENTE,CD_USU_CREA,CD_USU_MODI,FH_CREACION,FH_MODIFICACION,NB_MASK) values ('9066','14','A','477','732','CTR0|A04',null,'ArialBold10_5','0','T',null,null,null,null,null,null,null,null,null);
Insert into APDIGB.TBG004_ITEM (CD_ITEM,CD_SECCION,ST_ACTIVO,NU_COOR_X,NU_COOR_Y,NB_NOMBRE_VAR,NB_VALOR_VAR,NB_FUENTE,NU_ALINEAR,CH_TIPO,NU_ANCHO,NU_SC_X,NU_SC_Y,NU_IDX_CLIENTE,CD_USU_CREA,CD_USU_MODI,FH_CREACION,FH_MODIFICACION,NB_MASK) values ('9067','14','A','541','732','CTR0|A05',null,'ArialBold10_5','0','T',null,null,null,null,null,null,null,null,null);
Insert into APDIGB.TBG004_ITEM (CD_ITEM,CD_SECCION,ST_ACTIVO,NU_COOR_X,NU_COOR_Y,NB_NOMBRE_VAR,NB_VALOR_VAR,NB_FUENTE,NU_ALINEAR,CH_TIPO,NU_ANCHO,NU_SC_X,NU_SC_Y,NU_IDX_CLIENTE,CD_USU_CREA,CD_USU_MODI,FH_CREACION,FH_MODIFICACION,NB_MASK) values ('9068','15','A','170','760','CTR0|A01',null,'Arial11','0','T',null,null,null,null,null,null,null,null,null);
Insert into APDIGB.TBG004_ITEM (CD_ITEM,CD_SECCION,ST_ACTIVO,NU_COOR_X,NU_COOR_Y,NB_NOMBRE_VAR,NB_VALOR_VAR,NB_FUENTE,NU_ALINEAR,CH_TIPO,NU_ANCHO,NU_SC_X,NU_SC_Y,NU_IDX_CLIENTE,CD_USU_CREA,CD_USU_MODI,FH_CREACION,FH_MODIFICACION,NB_MASK) values ('9069','15','A','171','630','CTR0|G03',null,'ArialBold9','0','T',null,null,null,null,null,null,null,null,null);
Insert into APDIGB.TBG004_ITEM (CD_ITEM,CD_SECCION,ST_ACTIVO,NU_COOR_X,NU_COOR_Y,NB_NOMBRE_VAR,NB_VALOR_VAR,NB_FUENTE,NU_ALINEAR,CH_TIPO,NU_ANCHO,NU_SC_X,NU_SC_Y,NU_IDX_CLIENTE,CD_USU_CREA,CD_USU_MODI,FH_CREACION,FH_MODIFICACION,NB_MASK) values ('9070','15','A','164','645','CTR0|G01',null,'ArialBold9','1','T',null,null,null,null,null,null,null,null,null);
Insert into APDIGB.TBG004_ITEM (CD_ITEM,CD_SECCION,ST_ACTIVO,NU_COOR_X,NU_COOR_Y,NB_NOMBRE_VAR,NB_VALOR_VAR,NB_FUENTE,NU_ALINEAR,CH_TIPO,NU_ANCHO,NU_SC_X,NU_SC_Y,NU_IDX_CLIENTE,CD_USU_CREA,CD_USU_MODI,FH_CREACION,FH_MODIFICACION,NB_MASK) values ('9072','15','A','200','384','barcode',null,null,'0','B','171','171','25','0',null,null,null,null,null);
Insert into APDIGB.TBG004_ITEM (CD_ITEM,CD_SECCION,ST_ACTIVO,NU_COOR_X,NU_COOR_Y,NB_NOMBRE_VAR,NB_VALOR_VAR,NB_FUENTE,NU_ALINEAR,CH_TIPO,NU_ANCHO,NU_SC_X,NU_SC_Y,NU_IDX_CLIENTE,CD_USU_CREA,CD_USU_MODI,FH_CREACION,FH_MODIFICACION,NB_MASK) values ('9073','16','A','483','787','CTR0|A01',null,'ArialBold10_5','0','T',null,null,null,null,null,null,null,null,null);
Insert into APDIGB.TBG004_ITEM (CD_ITEM,CD_SECCION,ST_ACTIVO,NU_COOR_X,NU_COOR_Y,NB_NOMBRE_VAR,NB_VALOR_VAR,NB_FUENTE,NU_ALINEAR,CH_TIPO,NU_ANCHO,NU_SC_X,NU_SC_Y,NU_IDX_CLIENTE,CD_USU_CREA,CD_USU_MODI,FH_CREACION,FH_MODIFICACION,NB_MASK) values ('9074','16','A','46','749','CTR0|G01',null,'ArialBold10_5','0','T',null,null,null,null,null,null,null,null,null);
Insert into APDIGB.TBG004_ITEM (CD_ITEM,CD_SECCION,ST_ACTIVO,NU_COOR_X,NU_COOR_Y,NB_NOMBRE_VAR,NB_VALOR_VAR,NB_FUENTE,NU_ALINEAR,CH_TIPO,NU_ANCHO,NU_SC_X,NU_SC_Y,NU_IDX_CLIENTE,CD_USU_CREA,CD_USU_MODI,FH_CREACION,FH_MODIFICACION,NB_MASK) values ('9075','16','A','164','721','CTR0|G03',null,'ArialBold10_5','0','T',null,null,null,null,null,null,null,null,null);
Insert into APDIGB.TBG004_ITEM (CD_ITEM,CD_SECCION,ST_ACTIVO,NU_COOR_X,NU_COOR_Y,NB_NOMBRE_VAR,NB_VALOR_VAR,NB_FUENTE,NU_ALINEAR,CH_TIPO,NU_ANCHO,NU_SC_X,NU_SC_Y,NU_IDX_CLIENTE,CD_USU_CREA,CD_USU_MODI,FH_CREACION,FH_MODIFICACION,NB_MASK) values ('9076','16','A','113','703','CTR0|A06',null,'ArialBold10_5','0','T',null,null,null,null,null,null,null,null,null);
Insert into APDIGB.TBG004_ITEM (CD_ITEM,CD_SECCION,ST_ACTIVO,NU_COOR_X,NU_COOR_Y,NB_NOMBRE_VAR,NB_VALOR_VAR,NB_FUENTE,NU_ALINEAR,CH_TIPO,NU_ANCHO,NU_SC_X,NU_SC_Y,NU_IDX_CLIENTE,CD_USU_CREA,CD_USU_MODI,FH_CREACION,FH_MODIFICACION,NB_MASK) values ('9077','16','A','113','689','CTR0|A07',null,'ArialBold10_5','0','T',null,null,null,null,null,null,null,null,null);
Insert into APDIGB.TBG004_ITEM (CD_ITEM,CD_SECCION,ST_ACTIVO,NU_COOR_X,NU_COOR_Y,NB_NOMBRE_VAR,NB_VALOR_VAR,NB_FUENTE,NU_ALINEAR,CH_TIPO,NU_ANCHO,NU_SC_X,NU_SC_Y,NU_IDX_CLIENTE,CD_USU_CREA,CD_USU_MODI,FH_CREACION,FH_MODIFICACION,NB_MASK) values ('9078','16','A','103','670','CTR0|A08',null,'ArialBold10_5','0','T',null,null,null,null,null,null,null,null,null);
Insert into APDIGB.TBG004_ITEM (CD_ITEM,CD_SECCION,ST_ACTIVO,NU_COOR_X,NU_COOR_Y,NB_NOMBRE_VAR,NB_VALOR_VAR,NB_FUENTE,NU_ALINEAR,CH_TIPO,NU_ANCHO,NU_SC_X,NU_SC_Y,NU_IDX_CLIENTE,CD_USU_CREA,CD_USU_MODI,FH_CREACION,FH_MODIFICACION,NB_MASK) values ('9079','16','A','496','670','CTR0|A09',null,'ArialBold10_5','0','T',null,null,null,null,null,null,null,null,null);
Insert into APDIGB.TBG004_ITEM (CD_ITEM,CD_SECCION,ST_ACTIVO,NU_COOR_X,NU_COOR_Y,NB_NOMBRE_VAR,NB_VALOR_VAR,NB_FUENTE,NU_ALINEAR,CH_TIPO,NU_ANCHO,NU_SC_X,NU_SC_Y,NU_IDX_CLIENTE,CD_USU_CREA,CD_USU_MODI,FH_CREACION,FH_MODIFICACION,NB_MASK) values ('9080','16','A','410','738','CTR0|A02',null,'ArialBold10_5','0','T',null,null,null,null,null,null,null,null,null);
Insert into APDIGB.TBG004_ITEM (CD_ITEM,CD_SECCION,ST_ACTIVO,NU_COOR_X,NU_COOR_Y,NB_NOMBRE_VAR,NB_VALOR_VAR,NB_FUENTE,NU_ALINEAR,CH_TIPO,NU_ANCHO,NU_SC_X,NU_SC_Y,NU_IDX_CLIENTE,CD_USU_CREA,CD_USU_MODI,FH_CREACION,FH_MODIFICACION,NB_MASK) values ('9081','16','A','445','738','CTR0|A03',null,'ArialBold10_5','0','T',null,null,null,null,null,null,null,null,null);
Insert into APDIGB.TBG004_ITEM (CD_ITEM,CD_SECCION,ST_ACTIVO,NU_COOR_X,NU_COOR_Y,NB_NOMBRE_VAR,NB_VALOR_VAR,NB_FUENTE,NU_ALINEAR,CH_TIPO,NU_ANCHO,NU_SC_X,NU_SC_Y,NU_IDX_CLIENTE,CD_USU_CREA,CD_USU_MODI,FH_CREACION,FH_MODIFICACION,NB_MASK) values ('9082','16','A','477','738','CTR0|A04',null,'ArialBold10_5','0','T',null,null,null,null,null,null,null,null,null);
Insert into APDIGB.TBG004_ITEM (CD_ITEM,CD_SECCION,ST_ACTIVO,NU_COOR_X,NU_COOR_Y,NB_NOMBRE_VAR,NB_VALOR_VAR,NB_FUENTE,NU_ALINEAR,CH_TIPO,NU_ANCHO,NU_SC_X,NU_SC_Y,NU_IDX_CLIENTE,CD_USU_CREA,CD_USU_MODI,FH_CREACION,FH_MODIFICACION,NB_MASK) values ('9083','16','A','542','738','CTR0|A05',null,'ArialBold10_5','0','T',null,null,null,null,null,null,null,null,null);
Insert into APDIGB.TBG004_ITEM (CD_ITEM,CD_SECCION,ST_ACTIVO,NU_COOR_X,NU_COOR_Y,NB_NOMBRE_VAR,NB_VALOR_VAR,NB_FUENTE,NU_ALINEAR,CH_TIPO,NU_ANCHO,NU_SC_X,NU_SC_Y,NU_IDX_CLIENTE,CD_USU_CREA,CD_USU_MODI,FH_CREACION,FH_MODIFICACION,NB_MASK) values ('9084','17','A','167','453','CTR0|A01',null,'Arial11','0','T',null,null,null,null,null,null,null,null,null);
Insert into APDIGB.TBG004_ITEM (CD_ITEM,CD_SECCION,ST_ACTIVO,NU_COOR_X,NU_COOR_Y,NB_NOMBRE_VAR,NB_VALOR_VAR,NB_FUENTE,NU_ALINEAR,CH_TIPO,NU_ANCHO,NU_SC_X,NU_SC_Y,NU_IDX_CLIENTE,CD_USU_CREA,CD_USU_MODI,FH_CREACION,FH_MODIFICACION,NB_MASK) values ('9085','17','A','161','324','CTR0|G03',null,'ArialBold9','0','T',null,null,null,null,null,null,null,null,null);
Insert into APDIGB.TBG004_ITEM (CD_ITEM,CD_SECCION,ST_ACTIVO,NU_COOR_X,NU_COOR_Y,NB_NOMBRE_VAR,NB_VALOR_VAR,NB_FUENTE,NU_ALINEAR,CH_TIPO,NU_ANCHO,NU_SC_X,NU_SC_Y,NU_IDX_CLIENTE,CD_USU_CREA,CD_USU_MODI,FH_CREACION,FH_MODIFICACION,NB_MASK) values ('9086','17','A','156','336','CTR0|G01',null,'ArialBold9','1','T',null,null,null,null,null,null,null,null,null);
Insert into APDIGB.TBG004_ITEM (CD_ITEM,CD_SECCION,ST_ACTIVO,NU_COOR_X,NU_COOR_Y,NB_NOMBRE_VAR,NB_VALOR_VAR,NB_FUENTE,NU_ALINEAR,CH_TIPO,NU_ANCHO,NU_SC_X,NU_SC_Y,NU_IDX_CLIENTE,CD_USU_CREA,CD_USU_MODI,FH_CREACION,FH_MODIFICACION,NB_MASK) values ('9581','2','A','89','763','huella',null,null,'0','I','130','80','104','0',null,null,null,null,null);
Insert into APDIGB.TBG004_ITEM (CD_ITEM,CD_SECCION,ST_ACTIVO,NU_COOR_X,NU_COOR_Y,NB_NOMBRE_VAR,NB_VALOR_VAR,NB_FUENTE,NU_ALINEAR,CH_TIPO,NU_ANCHO,NU_SC_X,NU_SC_Y,NU_IDX_CLIENTE,CD_USU_CREA,CD_USU_MODI,FH_CREACION,FH_MODIFICACION,NB_MASK) values ('9088','17','A','200','92','barcode',null,null,'0','B','171','171','25','0',null,null,null,null,null);
Insert into APDIGB.TBG004_ITEM (CD_ITEM,CD_SECCION,ST_ACTIVO,NU_COOR_X,NU_COOR_Y,NB_NOMBRE_VAR,NB_VALOR_VAR,NB_FUENTE,NU_ALINEAR,CH_TIPO,NU_ANCHO,NU_SC_X,NU_SC_Y,NU_IDX_CLIENTE,CD_USU_CREA,CD_USU_MODI,FH_CREACION,FH_MODIFICACION,NB_MASK) values ('9089','18','A','483','780','CTR0|A01',null,'ArialBold10_5','0','T',null,null,null,null,null,null,null,null,null);
Insert into APDIGB.TBG004_ITEM (CD_ITEM,CD_SECCION,ST_ACTIVO,NU_COOR_X,NU_COOR_Y,NB_NOMBRE_VAR,NB_VALOR_VAR,NB_FUENTE,NU_ALINEAR,CH_TIPO,NU_ANCHO,NU_SC_X,NU_SC_Y,NU_IDX_CLIENTE,CD_USU_CREA,CD_USU_MODI,FH_CREACION,FH_MODIFICACION,NB_MASK) values ('9090','18','A','49','746','CTR0|G01',null,'ArialBold10_5','0','T',null,null,null,null,null,null,null,null,null);
Insert into APDIGB.TBG004_ITEM (CD_ITEM,CD_SECCION,ST_ACTIVO,NU_COOR_X,NU_COOR_Y,NB_NOMBRE_VAR,NB_VALOR_VAR,NB_FUENTE,NU_ALINEAR,CH_TIPO,NU_ANCHO,NU_SC_X,NU_SC_Y,NU_IDX_CLIENTE,CD_USU_CREA,CD_USU_MODI,FH_CREACION,FH_MODIFICACION,NB_MASK) values ('9091','18','A','169','714','CTR0|G03',null,'ArialBold10_5','0','T',null,null,null,null,null,null,null,null,null);
Insert into APDIGB.TBG004_ITEM (CD_ITEM,CD_SECCION,ST_ACTIVO,NU_COOR_X,NU_COOR_Y,NB_NOMBRE_VAR,NB_VALOR_VAR,NB_FUENTE,NU_ALINEAR,CH_TIPO,NU_ANCHO,NU_SC_X,NU_SC_Y,NU_IDX_CLIENTE,CD_USU_CREA,CD_USU_MODI,FH_CREACION,FH_MODIFICACION,NB_MASK) values ('9092','18','A','113','693','CTR0|A06',null,'ArialBold10_5','0','T',null,null,null,null,null,null,null,null,null);
Insert into APDIGB.TBG004_ITEM (CD_ITEM,CD_SECCION,ST_ACTIVO,NU_COOR_X,NU_COOR_Y,NB_NOMBRE_VAR,NB_VALOR_VAR,NB_FUENTE,NU_ALINEAR,CH_TIPO,NU_ANCHO,NU_SC_X,NU_SC_Y,NU_IDX_CLIENTE,CD_USU_CREA,CD_USU_MODI,FH_CREACION,FH_MODIFICACION,NB_MASK) values ('9093','18','A','113','679','CTR0|A07',null,'ArialBold10_5','0','T',null,null,null,null,null,null,null,null,null);
Insert into APDIGB.TBG004_ITEM (CD_ITEM,CD_SECCION,ST_ACTIVO,NU_COOR_X,NU_COOR_Y,NB_NOMBRE_VAR,NB_VALOR_VAR,NB_FUENTE,NU_ALINEAR,CH_TIPO,NU_ANCHO,NU_SC_X,NU_SC_Y,NU_IDX_CLIENTE,CD_USU_CREA,CD_USU_MODI,FH_CREACION,FH_MODIFICACION,NB_MASK) values ('9094','18','A','103','663','CTR0|A08',null,'ArialBold10_5','0','T',null,null,null,null,null,null,null,null,null);
Insert into APDIGB.TBG004_ITEM (CD_ITEM,CD_SECCION,ST_ACTIVO,NU_COOR_X,NU_COOR_Y,NB_NOMBRE_VAR,NB_VALOR_VAR,NB_FUENTE,NU_ALINEAR,CH_TIPO,NU_ANCHO,NU_SC_X,NU_SC_Y,NU_IDX_CLIENTE,CD_USU_CREA,CD_USU_MODI,FH_CREACION,FH_MODIFICACION,NB_MASK) values ('9095','18','A','500','663','CTR0|A09',null,'ArialBold10_5','0','T',null,null,null,null,null,null,null,null,null);
Insert into APDIGB.TBG004_ITEM (CD_ITEM,CD_SECCION,ST_ACTIVO,NU_COOR_X,NU_COOR_Y,NB_NOMBRE_VAR,NB_VALOR_VAR,NB_FUENTE,NU_ALINEAR,CH_TIPO,NU_ANCHO,NU_SC_X,NU_SC_Y,NU_IDX_CLIENTE,CD_USU_CREA,CD_USU_MODI,FH_CREACION,FH_MODIFICACION,NB_MASK) values ('9096','18','A','412','732','CTR0|A02',null,'ArialBold10_5','0','T',null,null,null,null,null,null,null,null,null);
Insert into APDIGB.TBG004_ITEM (CD_ITEM,CD_SECCION,ST_ACTIVO,NU_COOR_X,NU_COOR_Y,NB_NOMBRE_VAR,NB_VALOR_VAR,NB_FUENTE,NU_ALINEAR,CH_TIPO,NU_ANCHO,NU_SC_X,NU_SC_Y,NU_IDX_CLIENTE,CD_USU_CREA,CD_USU_MODI,FH_CREACION,FH_MODIFICACION,NB_MASK) values ('9097','18','A','447','732','CTR0|A03',null,'ArialBold10_5','0','T',null,null,null,null,null,null,null,null,null);
Insert into APDIGB.TBG004_ITEM (CD_ITEM,CD_SECCION,ST_ACTIVO,NU_COOR_X,NU_COOR_Y,NB_NOMBRE_VAR,NB_VALOR_VAR,NB_FUENTE,NU_ALINEAR,CH_TIPO,NU_ANCHO,NU_SC_X,NU_SC_Y,NU_IDX_CLIENTE,CD_USU_CREA,CD_USU_MODI,FH_CREACION,FH_MODIFICACION,NB_MASK) values ('9098','18','A','479','732','CTR0|A04',null,'ArialBold10_5','0','T',null,null,null,null,null,null,null,null,null);
Insert into APDIGB.TBG004_ITEM (CD_ITEM,CD_SECCION,ST_ACTIVO,NU_COOR_X,NU_COOR_Y,NB_NOMBRE_VAR,NB_VALOR_VAR,NB_FUENTE,NU_ALINEAR,CH_TIPO,NU_ANCHO,NU_SC_X,NU_SC_Y,NU_IDX_CLIENTE,CD_USU_CREA,CD_USU_MODI,FH_CREACION,FH_MODIFICACION,NB_MASK) values ('9099','18','A','543','732','CTR0|A05',null,'ArialBold10_5','0','T',null,null,null,null,null,null,null,null,null);
Insert into APDIGB.TBG004_ITEM (CD_ITEM,CD_SECCION,ST_ACTIVO,NU_COOR_X,NU_COOR_Y,NB_NOMBRE_VAR,NB_VALOR_VAR,NB_FUENTE,NU_ALINEAR,CH_TIPO,NU_ANCHO,NU_SC_X,NU_SC_Y,NU_IDX_CLIENTE,CD_USU_CREA,CD_USU_MODI,FH_CREACION,FH_MODIFICACION,NB_MASK) values ('9100','19','A','169','746','CTR0|A01',null,'Arial11','0','T',null,null,null,null,null,null,null,null,null);
Insert into APDIGB.TBG004_ITEM (CD_ITEM,CD_SECCION,ST_ACTIVO,NU_COOR_X,NU_COOR_Y,NB_NOMBRE_VAR,NB_VALOR_VAR,NB_FUENTE,NU_ALINEAR,CH_TIPO,NU_ANCHO,NU_SC_X,NU_SC_Y,NU_IDX_CLIENTE,CD_USU_CREA,CD_USU_MODI,FH_CREACION,FH_MODIFICACION,NB_MASK) values ('9101','19','A','161','606','CTR0|G03',null,'ArialBold9','0','T',null,null,null,null,null,null,null,null,null);
Insert into APDIGB.TBG004_ITEM (CD_ITEM,CD_SECCION,ST_ACTIVO,NU_COOR_X,NU_COOR_Y,NB_NOMBRE_VAR,NB_VALOR_VAR,NB_FUENTE,NU_ALINEAR,CH_TIPO,NU_ANCHO,NU_SC_X,NU_SC_Y,NU_IDX_CLIENTE,CD_USU_CREA,CD_USU_MODI,FH_CREACION,FH_MODIFICACION,NB_MASK) values ('9102','19','A','155','618','CTR0|G01',null,'ArialBold9','1','T',null,null,null,null,null,null,null,null,null);
Insert into APDIGB.TBG004_ITEM (CD_ITEM,CD_SECCION,ST_ACTIVO,NU_COOR_X,NU_COOR_Y,NB_NOMBRE_VAR,NB_VALOR_VAR,NB_FUENTE,NU_ALINEAR,CH_TIPO,NU_ANCHO,NU_SC_X,NU_SC_Y,NU_IDX_CLIENTE,CD_USU_CREA,CD_USU_MODI,FH_CREACION,FH_MODIFICACION,NB_MASK) values ('9582','10','A','88','243','huella',null,null,'0','I','130','80','104','0',null,null,null,null,null);
Insert into APDIGB.TBG004_ITEM (CD_ITEM,CD_SECCION,ST_ACTIVO,NU_COOR_X,NU_COOR_Y,NB_NOMBRE_VAR,NB_VALOR_VAR,NB_FUENTE,NU_ALINEAR,CH_TIPO,NU_ANCHO,NU_SC_X,NU_SC_Y,NU_IDX_CLIENTE,CD_USU_CREA,CD_USU_MODI,FH_CREACION,FH_MODIFICACION,NB_MASK) values ('9104','19','A','200','331','barcode',null,null,'0','B','171','171','25','0',null,null,null,null,null);
Insert into APDIGB.TBG004_ITEM (CD_ITEM,CD_SECCION,ST_ACTIVO,NU_COOR_X,NU_COOR_Y,NB_NOMBRE_VAR,NB_VALOR_VAR,NB_FUENTE,NU_ALINEAR,CH_TIPO,NU_ANCHO,NU_SC_X,NU_SC_Y,NU_IDX_CLIENTE,CD_USU_CREA,CD_USU_MODI,FH_CREACION,FH_MODIFICACION,NB_MASK) values ('9105','20','A','483','786','CTR0|A01',null,'ArialBold10_5','0','T',null,null,null,null,null,null,null,null,null);
Insert into APDIGB.TBG004_ITEM (CD_ITEM,CD_SECCION,ST_ACTIVO,NU_COOR_X,NU_COOR_Y,NB_NOMBRE_VAR,NB_VALOR_VAR,NB_FUENTE,NU_ALINEAR,CH_TIPO,NU_ANCHO,NU_SC_X,NU_SC_Y,NU_IDX_CLIENTE,CD_USU_CREA,CD_USU_MODI,FH_CREACION,FH_MODIFICACION,NB_MASK) values ('9106','20','A','46','747','CTR0|G01',null,'ArialBold10_5','0','T',null,null,null,null,null,null,null,null,null);
Insert into APDIGB.TBG004_ITEM (CD_ITEM,CD_SECCION,ST_ACTIVO,NU_COOR_X,NU_COOR_Y,NB_NOMBRE_VAR,NB_VALOR_VAR,NB_FUENTE,NU_ALINEAR,CH_TIPO,NU_ANCHO,NU_SC_X,NU_SC_Y,NU_IDX_CLIENTE,CD_USU_CREA,CD_USU_MODI,FH_CREACION,FH_MODIFICACION,NB_MASK) values ('9107','20','A','163','719','CTR0|G03',null,'ArialBold10_5','0','T',null,null,null,null,null,null,null,null,null);
Insert into APDIGB.TBG004_ITEM (CD_ITEM,CD_SECCION,ST_ACTIVO,NU_COOR_X,NU_COOR_Y,NB_NOMBRE_VAR,NB_VALOR_VAR,NB_FUENTE,NU_ALINEAR,CH_TIPO,NU_ANCHO,NU_SC_X,NU_SC_Y,NU_IDX_CLIENTE,CD_USU_CREA,CD_USU_MODI,FH_CREACION,FH_MODIFICACION,NB_MASK) values ('9108','20','A','113','701','CTR0|A06',null,'ArialBold10_5','0','T',null,null,null,null,null,null,null,null,null);
Insert into APDIGB.TBG004_ITEM (CD_ITEM,CD_SECCION,ST_ACTIVO,NU_COOR_X,NU_COOR_Y,NB_NOMBRE_VAR,NB_VALOR_VAR,NB_FUENTE,NU_ALINEAR,CH_TIPO,NU_ANCHO,NU_SC_X,NU_SC_Y,NU_IDX_CLIENTE,CD_USU_CREA,CD_USU_MODI,FH_CREACION,FH_MODIFICACION,NB_MASK) values ('9109','20','A','113','687','CTR0|A07',null,'ArialBold10_5','0','T',null,null,null,null,null,null,null,null,null);
Insert into APDIGB.TBG004_ITEM (CD_ITEM,CD_SECCION,ST_ACTIVO,NU_COOR_X,NU_COOR_Y,NB_NOMBRE_VAR,NB_VALOR_VAR,NB_FUENTE,NU_ALINEAR,CH_TIPO,NU_ANCHO,NU_SC_X,NU_SC_Y,NU_IDX_CLIENTE,CD_USU_CREA,CD_USU_MODI,FH_CREACION,FH_MODIFICACION,NB_MASK) values ('9110','20','A','103','669','CTR0|A08',null,'ArialBold10_5','0','T',null,null,null,null,null,null,null,null,null);
Insert into APDIGB.TBG004_ITEM (CD_ITEM,CD_SECCION,ST_ACTIVO,NU_COOR_X,NU_COOR_Y,NB_NOMBRE_VAR,NB_VALOR_VAR,NB_FUENTE,NU_ALINEAR,CH_TIPO,NU_ANCHO,NU_SC_X,NU_SC_Y,NU_IDX_CLIENTE,CD_USU_CREA,CD_USU_MODI,FH_CREACION,FH_MODIFICACION,NB_MASK) values ('9111','20','A','493','669','CTR0|A09',null,'ArialBold10_5','0','T',null,null,null,null,null,null,null,null,null);
Insert into APDIGB.TBG004_ITEM (CD_ITEM,CD_SECCION,ST_ACTIVO,NU_COOR_X,NU_COOR_Y,NB_NOMBRE_VAR,NB_VALOR_VAR,NB_FUENTE,NU_ALINEAR,CH_TIPO,NU_ANCHO,NU_SC_X,NU_SC_Y,NU_IDX_CLIENTE,CD_USU_CREA,CD_USU_MODI,FH_CREACION,FH_MODIFICACION,NB_MASK) values ('9112','20','A','408','739','CTR0|A02',null,'ArialBold10_5','0','T',null,null,null,null,null,null,null,null,null);
Insert into APDIGB.TBG004_ITEM (CD_ITEM,CD_SECCION,ST_ACTIVO,NU_COOR_X,NU_COOR_Y,NB_NOMBRE_VAR,NB_VALOR_VAR,NB_FUENTE,NU_ALINEAR,CH_TIPO,NU_ANCHO,NU_SC_X,NU_SC_Y,NU_IDX_CLIENTE,CD_USU_CREA,CD_USU_MODI,FH_CREACION,FH_MODIFICACION,NB_MASK) values ('9113','20','A','445','739','CTR0|A03',null,'ArialBold10_5','0','T',null,null,null,null,null,null,null,null,null);
Insert into APDIGB.TBG004_ITEM (CD_ITEM,CD_SECCION,ST_ACTIVO,NU_COOR_X,NU_COOR_Y,NB_NOMBRE_VAR,NB_VALOR_VAR,NB_FUENTE,NU_ALINEAR,CH_TIPO,NU_ANCHO,NU_SC_X,NU_SC_Y,NU_IDX_CLIENTE,CD_USU_CREA,CD_USU_MODI,FH_CREACION,FH_MODIFICACION,NB_MASK) values ('9114','20','A','477','739','CTR0|A04',null,'ArialBold10_5','0','T',null,null,null,null,null,null,null,null,null);
Insert into APDIGB.TBG004_ITEM (CD_ITEM,CD_SECCION,ST_ACTIVO,NU_COOR_X,NU_COOR_Y,NB_NOMBRE_VAR,NB_VALOR_VAR,NB_FUENTE,NU_ALINEAR,CH_TIPO,NU_ANCHO,NU_SC_X,NU_SC_Y,NU_IDX_CLIENTE,CD_USU_CREA,CD_USU_MODI,FH_CREACION,FH_MODIFICACION,NB_MASK) values ('9115','20','A','543','739','CTR0|A05',null,'ArialBold10_5','0','T',null,null,null,null,null,null,null,null,null);
Insert into APDIGB.TBG004_ITEM (CD_ITEM,CD_SECCION,ST_ACTIVO,NU_COOR_X,NU_COOR_Y,NB_NOMBRE_VAR,NB_VALOR_VAR,NB_FUENTE,NU_ALINEAR,CH_TIPO,NU_ANCHO,NU_SC_X,NU_SC_Y,NU_IDX_CLIENTE,CD_USU_CREA,CD_USU_MODI,FH_CREACION,FH_MODIFICACION,NB_MASK) values ('9116','21','A','167','535','CTR0|A01',null,'Arial11','0','T',null,null,null,null,null,null,null,null,null);
Insert into APDIGB.TBG004_ITEM (CD_ITEM,CD_SECCION,ST_ACTIVO,NU_COOR_X,NU_COOR_Y,NB_NOMBRE_VAR,NB_VALOR_VAR,NB_FUENTE,NU_ALINEAR,CH_TIPO,NU_ANCHO,NU_SC_X,NU_SC_Y,NU_IDX_CLIENTE,CD_USU_CREA,CD_USU_MODI,FH_CREACION,FH_MODIFICACION,NB_MASK) values ('9117','21','A','160','408','CTR0|G03',null,'ArialBold9','0','T',null,null,null,null,null,null,null,null,null);
Insert into APDIGB.TBG004_ITEM (CD_ITEM,CD_SECCION,ST_ACTIVO,NU_COOR_X,NU_COOR_Y,NB_NOMBRE_VAR,NB_VALOR_VAR,NB_FUENTE,NU_ALINEAR,CH_TIPO,NU_ANCHO,NU_SC_X,NU_SC_Y,NU_IDX_CLIENTE,CD_USU_CREA,CD_USU_MODI,FH_CREACION,FH_MODIFICACION,NB_MASK) values ('9118','21','A','156','420','CTR0|G01',null,'ArialBold9','1','T',null,null,null,null,null,null,null,null,null);
Insert into APDIGB.TBG004_ITEM (CD_ITEM,CD_SECCION,ST_ACTIVO,NU_COOR_X,NU_COOR_Y,NB_NOMBRE_VAR,NB_VALOR_VAR,NB_FUENTE,NU_ALINEAR,CH_TIPO,NU_ANCHO,NU_SC_X,NU_SC_Y,NU_IDX_CLIENTE,CD_USU_CREA,CD_USU_MODI,FH_CREACION,FH_MODIFICACION,NB_MASK) values ('9583','8','A','91','736','huella',null,null,'0','I','130','80','104','0',null,null,null,null,null);
Insert into APDIGB.TBG004_ITEM (CD_ITEM,CD_SECCION,ST_ACTIVO,NU_COOR_X,NU_COOR_Y,NB_NOMBRE_VAR,NB_VALOR_VAR,NB_FUENTE,NU_ALINEAR,CH_TIPO,NU_ANCHO,NU_SC_X,NU_SC_Y,NU_IDX_CLIENTE,CD_USU_CREA,CD_USU_MODI,FH_CREACION,FH_MODIFICACION,NB_MASK) values ('9120','21','A','200','105','barcode',null,null,'0','B','171','171','25','0',null,null,null,null,null);
Insert into APDIGB.TBG004_ITEM (CD_ITEM,CD_SECCION,ST_ACTIVO,NU_COOR_X,NU_COOR_Y,NB_NOMBRE_VAR,NB_VALOR_VAR,NB_FUENTE,NU_ALINEAR,CH_TIPO,NU_ANCHO,NU_SC_X,NU_SC_Y,NU_IDX_CLIENTE,CD_USU_CREA,CD_USU_MODI,FH_CREACION,FH_MODIFICACION,NB_MASK) values ('9121','22','A','483','787','CTR0|A01',null,'ArialBold10_5','0','T',null,null,null,null,null,null,null,null,null);
Insert into APDIGB.TBG004_ITEM (CD_ITEM,CD_SECCION,ST_ACTIVO,NU_COOR_X,NU_COOR_Y,NB_NOMBRE_VAR,NB_VALOR_VAR,NB_FUENTE,NU_ALINEAR,CH_TIPO,NU_ANCHO,NU_SC_X,NU_SC_Y,NU_IDX_CLIENTE,CD_USU_CREA,CD_USU_MODI,FH_CREACION,FH_MODIFICACION,NB_MASK) values ('9584','13','A','88','739','huella',null,null,'0','I','130','80','104','0',null,null,null,null,null);
Insert into APDIGB.TBG004_ITEM (CD_ITEM,CD_SECCION,ST_ACTIVO,NU_COOR_X,NU_COOR_Y,NB_NOMBRE_VAR,NB_VALOR_VAR,NB_FUENTE,NU_ALINEAR,CH_TIPO,NU_ANCHO,NU_SC_X,NU_SC_Y,NU_IDX_CLIENTE,CD_USU_CREA,CD_USU_MODI,FH_CREACION,FH_MODIFICACION,NB_MASK) values ('9585','15','A','99','760','huella',null,null,'0','I','130','80','100','0',null,null,null,null,null);
Insert into APDIGB.TBG004_ITEM (CD_ITEM,CD_SECCION,ST_ACTIVO,NU_COOR_X,NU_COOR_Y,NB_NOMBRE_VAR,NB_VALOR_VAR,NB_FUENTE,NU_ALINEAR,CH_TIPO,NU_ANCHO,NU_SC_X,NU_SC_Y,NU_IDX_CLIENTE,CD_USU_CREA,CD_USU_MODI,FH_CREACION,FH_MODIFICACION,NB_MASK) values ('9586','17','A','93','452','huella',null,null,'0','I','130','80','103','0',null,null,null,null,null);
Insert into APDIGB.TBG004_ITEM (CD_ITEM,CD_SECCION,ST_ACTIVO,NU_COOR_X,NU_COOR_Y,NB_NOMBRE_VAR,NB_VALOR_VAR,NB_FUENTE,NU_ALINEAR,CH_TIPO,NU_ANCHO,NU_SC_X,NU_SC_Y,NU_IDX_CLIENTE,CD_USU_CREA,CD_USU_MODI,FH_CREACION,FH_MODIFICACION,NB_MASK) values ('9587','19','A','88','735','huella',null,null,'0','I','130','80','104','0',null,null,null,null,null);
Insert into APDIGB.TBG004_ITEM (CD_ITEM,CD_SECCION,ST_ACTIVO,NU_COOR_X,NU_COOR_Y,NB_NOMBRE_VAR,NB_VALOR_VAR,NB_FUENTE,NU_ALINEAR,CH_TIPO,NU_ANCHO,NU_SC_X,NU_SC_Y,NU_IDX_CLIENTE,CD_USU_CREA,CD_USU_MODI,FH_CREACION,FH_MODIFICACION,NB_MASK) values ('9588','21','A','92','534','huella',null,null,'0','I','130','80','101','0',null,null,null,null,null);
Insert into APDIGB.TBG004_ITEM (CD_ITEM,CD_SECCION,ST_ACTIVO,NU_COOR_X,NU_COOR_Y,NB_NOMBRE_VAR,NB_VALOR_VAR,NB_FUENTE,NU_ALINEAR,CH_TIPO,NU_ANCHO,NU_SC_X,NU_SC_Y,NU_IDX_CLIENTE,CD_USU_CREA,CD_USU_MODI,FH_CREACION,FH_MODIFICACION,NB_MASK) values ('9589','23','A','88','509','huella',null,null,'0','I','130','80','104','0',null,null,null,null,null);
Insert into APDIGB.TBG004_ITEM (CD_ITEM,CD_SECCION,ST_ACTIVO,NU_COOR_X,NU_COOR_Y,NB_NOMBRE_VAR,NB_VALOR_VAR,NB_FUENTE,NU_ALINEAR,CH_TIPO,NU_ANCHO,NU_SC_X,NU_SC_Y,NU_IDX_CLIENTE,CD_USU_CREA,CD_USU_MODI,FH_CREACION,FH_MODIFICACION,NB_MASK) values ('9627','6','A','481','807','FAT0|A01',null,'Arial9','0','T',null,null,null,null,null,null,null,null,null);
Insert into APDIGB.TBG004_ITEM (CD_ITEM,CD_SECCION,ST_ACTIVO,NU_COOR_X,NU_COOR_Y,NB_NOMBRE_VAR,NB_VALOR_VAR,NB_FUENTE,NU_ALINEAR,CH_TIPO,NU_ANCHO,NU_SC_X,NU_SC_Y,NU_IDX_CLIENTE,CD_USU_CREA,CD_USU_MODI,FH_CREACION,FH_MODIFICACION,NB_MASK) values ('9628','6','A','60','716','FAT0|A02',null,'Arial9','0','T',null,null,null,null,null,null,null,null,null);
Insert into APDIGB.TBG004_ITEM (CD_ITEM,CD_SECCION,ST_ACTIVO,NU_COOR_X,NU_COOR_Y,NB_NOMBRE_VAR,NB_VALOR_VAR,NB_FUENTE,NU_ALINEAR,CH_TIPO,NU_ANCHO,NU_SC_X,NU_SC_Y,NU_IDX_CLIENTE,CD_USU_CREA,CD_USU_MODI,FH_CREACION,FH_MODIFICACION,NB_MASK) values ('9629','6','A','60','688','FAT0|A03',null,'Arial9','0','T',null,null,null,null,null,null,null,null,null);
Insert into APDIGB.TBG004_ITEM (CD_ITEM,CD_SECCION,ST_ACTIVO,NU_COOR_X,NU_COOR_Y,NB_NOMBRE_VAR,NB_VALOR_VAR,NB_FUENTE,NU_ALINEAR,CH_TIPO,NU_ANCHO,NU_SC_X,NU_SC_Y,NU_IDX_CLIENTE,CD_USU_CREA,CD_USU_MODI,FH_CREACION,FH_MODIFICACION,NB_MASK) values ('9630','6','A','196','688','FAT0|A04',null,'Arial9','0','T',null,null,null,null,null,null,null,null,null);
Insert into APDIGB.TBG004_ITEM (CD_ITEM,CD_SECCION,ST_ACTIVO,NU_COOR_X,NU_COOR_Y,NB_NOMBRE_VAR,NB_VALOR_VAR,NB_FUENTE,NU_ALINEAR,CH_TIPO,NU_ANCHO,NU_SC_X,NU_SC_Y,NU_IDX_CLIENTE,CD_USU_CREA,CD_USU_MODI,FH_CREACION,FH_MODIFICACION,NB_MASK) values ('9631','6','A','341','688','FAT0|A05',null,'Arial9','0','T','15',null,null,null,null,null,null,null,null);
Insert into APDIGB.TBG004_ITEM (CD_ITEM,CD_SECCION,ST_ACTIVO,NU_COOR_X,NU_COOR_Y,NB_NOMBRE_VAR,NB_VALOR_VAR,NB_FUENTE,NU_ALINEAR,CH_TIPO,NU_ANCHO,NU_SC_X,NU_SC_Y,NU_IDX_CLIENTE,CD_USU_CREA,CD_USU_MODI,FH_CREACION,FH_MODIFICACION,NB_MASK) values ('9632','6','A','449','688','FAT0|A06',null,'Arial9','0','T',null,null,null,null,null,null,null,null,null);
Insert into APDIGB.TBG004_ITEM (CD_ITEM,CD_SECCION,ST_ACTIVO,NU_COOR_X,NU_COOR_Y,NB_NOMBRE_VAR,NB_VALOR_VAR,NB_FUENTE,NU_ALINEAR,CH_TIPO,NU_ANCHO,NU_SC_X,NU_SC_Y,NU_IDX_CLIENTE,CD_USU_CREA,CD_USU_MODI,FH_CREACION,FH_MODIFICACION,NB_MASK) values ('9633','6','A','60','662','FAT0|A07',null,'Arial9','0','T',null,null,null,null,null,null,null,null,null);
Insert into APDIGB.TBG004_ITEM (CD_ITEM,CD_SECCION,ST_ACTIVO,NU_COOR_X,NU_COOR_Y,NB_NOMBRE_VAR,NB_VALOR_VAR,NB_FUENTE,NU_ALINEAR,CH_TIPO,NU_ANCHO,NU_SC_X,NU_SC_Y,NU_IDX_CLIENTE,CD_USU_CREA,CD_USU_MODI,FH_CREACION,FH_MODIFICACION,NB_MASK) values ('9634','6','A','399','662','FAT0|A08',null,'Arial9','0','T',null,null,null,null,null,null,null,null,null);
Insert into APDIGB.TBG004_ITEM (CD_ITEM,CD_SECCION,ST_ACTIVO,NU_COOR_X,NU_COOR_Y,NB_NOMBRE_VAR,NB_VALOR_VAR,NB_FUENTE,NU_ALINEAR,CH_TIPO,NU_ANCHO,NU_SC_X,NU_SC_Y,NU_IDX_CLIENTE,CD_USU_CREA,CD_USU_MODI,FH_CREACION,FH_MODIFICACION,NB_MASK) values ('9635','6','A','490','662','FAT0|A09',null,'Arial9','0','T',null,null,null,null,null,null,null,null,null);
Insert into APDIGB.TBG004_ITEM (CD_ITEM,CD_SECCION,ST_ACTIVO,NU_COOR_X,NU_COOR_Y,NB_NOMBRE_VAR,NB_VALOR_VAR,NB_FUENTE,NU_ALINEAR,CH_TIPO,NU_ANCHO,NU_SC_X,NU_SC_Y,NU_IDX_CLIENTE,CD_USU_CREA,CD_USU_MODI,FH_CREACION,FH_MODIFICACION,NB_MASK) values ('9636','6','A','60','636','FAT0|A10',null,'Arial9','0','T','15',null,null,null,null,null,null,null,null);
Insert into APDIGB.TBG004_ITEM (CD_ITEM,CD_SECCION,ST_ACTIVO,NU_COOR_X,NU_COOR_Y,NB_NOMBRE_VAR,NB_VALOR_VAR,NB_FUENTE,NU_ALINEAR,CH_TIPO,NU_ANCHO,NU_SC_X,NU_SC_Y,NU_IDX_CLIENTE,CD_USU_CREA,CD_USU_MODI,FH_CREACION,FH_MODIFICACION,NB_MASK) values ('9637','6','A','154','636','FAT0|A11',null,'Arial9','0','T','15',null,null,null,null,null,null,null,null);
Insert into APDIGB.TBG004_ITEM (CD_ITEM,CD_SECCION,ST_ACTIVO,NU_COOR_X,NU_COOR_Y,NB_NOMBRE_VAR,NB_VALOR_VAR,NB_FUENTE,NU_ALINEAR,CH_TIPO,NU_ANCHO,NU_SC_X,NU_SC_Y,NU_IDX_CLIENTE,CD_USU_CREA,CD_USU_MODI,FH_CREACION,FH_MODIFICACION,NB_MASK) values ('9638','6','A','254','636','FAT0|A12',null,'Arial9','0','T','15',null,null,null,null,null,null,null,null);
Insert into APDIGB.TBG004_ITEM (CD_ITEM,CD_SECCION,ST_ACTIVO,NU_COOR_X,NU_COOR_Y,NB_NOMBRE_VAR,NB_VALOR_VAR,NB_FUENTE,NU_ALINEAR,CH_TIPO,NU_ANCHO,NU_SC_X,NU_SC_Y,NU_IDX_CLIENTE,CD_USU_CREA,CD_USU_MODI,FH_CREACION,FH_MODIFICACION,NB_MASK) values ('9639','6','A','355','636','FAT0|A13',null,'Arial9','0','T','15',null,null,null,null,null,null,null,null);
Insert into APDIGB.TBG004_ITEM (CD_ITEM,CD_SECCION,ST_ACTIVO,NU_COOR_X,NU_COOR_Y,NB_NOMBRE_VAR,NB_VALOR_VAR,NB_FUENTE,NU_ALINEAR,CH_TIPO,NU_ANCHO,NU_SC_X,NU_SC_Y,NU_IDX_CLIENTE,CD_USU_CREA,CD_USU_MODI,FH_CREACION,FH_MODIFICACION,NB_MASK) values ('9640','6','A','454','636','FAT0|A14',null,'Arial9','0','T',null,null,null,null,null,null,null,null,null);
Insert into APDIGB.TBG004_ITEM (CD_ITEM,CD_SECCION,ST_ACTIVO,NU_COOR_X,NU_COOR_Y,NB_NOMBRE_VAR,NB_VALOR_VAR,NB_FUENTE,NU_ALINEAR,CH_TIPO,NU_ANCHO,NU_SC_X,NU_SC_Y,NU_IDX_CLIENTE,CD_USU_CREA,CD_USU_MODI,FH_CREACION,FH_MODIFICACION,NB_MASK) values ('9641','6','A','72','537','FAT0|A15',null,'Arial9','0','T','15',null,null,null,null,null,null,null,null);
Insert into APDIGB.TBG004_ITEM (CD_ITEM,CD_SECCION,ST_ACTIVO,NU_COOR_X,NU_COOR_Y,NB_NOMBRE_VAR,NB_VALOR_VAR,NB_FUENTE,NU_ALINEAR,CH_TIPO,NU_ANCHO,NU_SC_X,NU_SC_Y,NU_IDX_CLIENTE,CD_USU_CREA,CD_USU_MODI,FH_CREACION,FH_MODIFICACION,NB_MASK) values ('9642','6','A','72','499','FAT0|A16',null,'Arial9','0','T','15',null,null,null,null,null,null,null,null);
Insert into APDIGB.TBG004_ITEM (CD_ITEM,CD_SECCION,ST_ACTIVO,NU_COOR_X,NU_COOR_Y,NB_NOMBRE_VAR,NB_VALOR_VAR,NB_FUENTE,NU_ALINEAR,CH_TIPO,NU_ANCHO,NU_SC_X,NU_SC_Y,NU_IDX_CLIENTE,CD_USU_CREA,CD_USU_MODI,FH_CREACION,FH_MODIFICACION,NB_MASK) values ('9643','6','A','72','463','FAT0|A17',null,'Arial9','0','T','15',null,null,null,null,null,null,null,null);
Insert into APDIGB.TBG004_ITEM (CD_ITEM,CD_SECCION,ST_ACTIVO,NU_COOR_X,NU_COOR_Y,NB_NOMBRE_VAR,NB_VALOR_VAR,NB_FUENTE,NU_ALINEAR,CH_TIPO,NU_ANCHO,NU_SC_X,NU_SC_Y,NU_IDX_CLIENTE,CD_USU_CREA,CD_USU_MODI,FH_CREACION,FH_MODIFICACION,NB_MASK) values ('9644','6','A','222','85','FAT0|A18',null,'Arial9','0','T',null,null,null,null,null,null,null,null,null);
Insert into APDIGB.TBG004_ITEM (CD_ITEM,CD_SECCION,ST_ACTIVO,NU_COOR_X,NU_COOR_Y,NB_NOMBRE_VAR,NB_VALOR_VAR,NB_FUENTE,NU_ALINEAR,CH_TIPO,NU_ANCHO,NU_SC_X,NU_SC_Y,NU_IDX_CLIENTE,CD_USU_CREA,CD_USU_MODI,FH_CREACION,FH_MODIFICACION,NB_MASK) values ('9645','6','A','222','74','FAT0|A19',null,'Arial9','0','T',null,null,null,null,null,null,null,null,null);
Insert into APDIGB.TBG004_ITEM (CD_ITEM,CD_SECCION,ST_ACTIVO,NU_COOR_X,NU_COOR_Y,NB_NOMBRE_VAR,NB_VALOR_VAR,NB_FUENTE,NU_ALINEAR,CH_TIPO,NU_ANCHO,NU_SC_X,NU_SC_Y,NU_IDX_CLIENTE,CD_USU_CREA,CD_USU_MODI,FH_CREACION,FH_MODIFICACION,NB_MASK) values ('9646','6','A','334','538','FAT0|A19',null,'Arial9','0','T',null,null,null,null,null,null,null,null,null);
Insert into APDIGB.TBG004_ITEM (CD_ITEM,CD_SECCION,ST_ACTIVO,NU_COOR_X,NU_COOR_Y,NB_NOMBRE_VAR,NB_VALOR_VAR,NB_FUENTE,NU_ALINEAR,CH_TIPO,NU_ANCHO,NU_SC_X,NU_SC_Y,NU_IDX_CLIENTE,CD_USU_CREA,CD_USU_MODI,FH_CREACION,FH_MODIFICACION,NB_MASK) values ('9647','6','A','239','31','FAT0|A20',null,'Arial9','0','T',null,null,null,null,null,null,null,null,null);
Insert into APDIGB.TBG004_ITEM (CD_ITEM,CD_SECCION,ST_ACTIVO,NU_COOR_X,NU_COOR_Y,NB_NOMBRE_VAR,NB_VALOR_VAR,NB_FUENTE,NU_ALINEAR,CH_TIPO,NU_ANCHO,NU_SC_X,NU_SC_Y,NU_IDX_CLIENTE,CD_USU_CREA,CD_USU_MODI,FH_CREACION,FH_MODIFICACION,NB_MASK) values ('9648','6','A','283','31','FAT0|A21',null,'Arial9','0','T',null,null,null,null,null,null,null,null,null);
Insert into APDIGB.TBG004_ITEM (CD_ITEM,CD_SECCION,ST_ACTIVO,NU_COOR_X,NU_COOR_Y,NB_NOMBRE_VAR,NB_VALOR_VAR,NB_FUENTE,NU_ALINEAR,CH_TIPO,NU_ANCHO,NU_SC_X,NU_SC_Y,NU_IDX_CLIENTE,CD_USU_CREA,CD_USU_MODI,FH_CREACION,FH_MODIFICACION,NB_MASK) values ('9649','6','A','297','31','FAT0|A22',null,'Arial9','0','T',null,null,null,null,null,null,null,null,null);
Insert into APDIGB.TBG004_ITEM (CD_ITEM,CD_SECCION,ST_ACTIVO,NU_COOR_X,NU_COOR_Y,NB_NOMBRE_VAR,NB_VALOR_VAR,NB_FUENTE,NU_ALINEAR,CH_TIPO,NU_ANCHO,NU_SC_X,NU_SC_Y,NU_IDX_CLIENTE,CD_USU_CREA,CD_USU_MODI,FH_CREACION,FH_MODIFICACION,NB_MASK) values ('9650','6','A','222','96','FAT0|A23',null,'Arial9','0','T',null,null,null,null,null,null,null,null,null);
Insert into APDIGB.TBG004_ITEM (CD_ITEM,CD_SECCION,ST_ACTIVO,NU_COOR_X,NU_COOR_Y,NB_NOMBRE_VAR,NB_VALOR_VAR,NB_FUENTE,NU_ALINEAR,CH_TIPO,NU_ANCHO,NU_SC_X,NU_SC_Y,NU_IDX_CLIENTE,CD_USU_CREA,CD_USU_MODI,FH_CREACION,FH_MODIFICACION,NB_MASK) values ('9651','6','A','417','148','FAT0|A01',null,'Arial9','0','T',null,null,null,null,null,null,null,null,null);
Insert into APDIGB.TBG004_ITEM (CD_ITEM,CD_SECCION,ST_ACTIVO,NU_COOR_X,NU_COOR_Y,NB_NOMBRE_VAR,NB_VALOR_VAR,NB_FUENTE,NU_ALINEAR,CH_TIPO,NU_ANCHO,NU_SC_X,NU_SC_Y,NU_IDX_CLIENTE,CD_USU_CREA,CD_USU_MODI,FH_CREACION,FH_MODIFICACION,NB_MASK) values ('9652','6','A','72','226','huella',null,null,'0','I','130','80','104','0',null,null,null,null,null);
Insert into APDIGB.TBG004_ITEM (CD_ITEM,CD_SECCION,ST_ACTIVO,NU_COOR_X,NU_COOR_Y,NB_NOMBRE_VAR,NB_VALOR_VAR,NB_FUENTE,NU_ALINEAR,CH_TIPO,NU_ANCHO,NU_SC_X,NU_SC_Y,NU_IDX_CLIENTE,CD_USU_CREA,CD_USU_MODI,FH_CREACION,FH_MODIFICACION,NB_MASK) values ('9751','26','A','468','797','CTR0|A01',null,'ArialBold10','0','T',null,null,null,null,null,null,null,null,null);
Insert into APDIGB.TBG004_ITEM (CD_ITEM,CD_SECCION,ST_ACTIVO,NU_COOR_X,NU_COOR_Y,NB_NOMBRE_VAR,NB_VALOR_VAR,NB_FUENTE,NU_ALINEAR,CH_TIPO,NU_ANCHO,NU_SC_X,NU_SC_Y,NU_IDX_CLIENTE,CD_USU_CREA,CD_USU_MODI,FH_CREACION,FH_MODIFICACION,NB_MASK) values ('9752','26','A','398','748','CTR0|A02',null,'ArialBold10','0','T',null,null,null,null,null,null,null,null,null);
Insert into APDIGB.TBG004_ITEM (CD_ITEM,CD_SECCION,ST_ACTIVO,NU_COOR_X,NU_COOR_Y,NB_NOMBRE_VAR,NB_VALOR_VAR,NB_FUENTE,NU_ALINEAR,CH_TIPO,NU_ANCHO,NU_SC_X,NU_SC_Y,NU_IDX_CLIENTE,CD_USU_CREA,CD_USU_MODI,FH_CREACION,FH_MODIFICACION,NB_MASK) values ('9122','22','A','46','756','CTR0|G01',null,'ArialBold10_5','0','T',null,null,null,null,null,null,null,null,null);
Insert into APDIGB.TBG004_ITEM (CD_ITEM,CD_SECCION,ST_ACTIVO,NU_COOR_X,NU_COOR_Y,NB_NOMBRE_VAR,NB_VALOR_VAR,NB_FUENTE,NU_ALINEAR,CH_TIPO,NU_ANCHO,NU_SC_X,NU_SC_Y,NU_IDX_CLIENTE,CD_USU_CREA,CD_USU_MODI,FH_CREACION,FH_MODIFICACION,NB_MASK) values ('9123','22','A','171','728','CTR0|G03',null,'ArialBold10_5','0','T',null,null,null,null,null,null,null,null,null);
Insert into APDIGB.TBG004_ITEM (CD_ITEM,CD_SECCION,ST_ACTIVO,NU_COOR_X,NU_COOR_Y,NB_NOMBRE_VAR,NB_VALOR_VAR,NB_FUENTE,NU_ALINEAR,CH_TIPO,NU_ANCHO,NU_SC_X,NU_SC_Y,NU_IDX_CLIENTE,CD_USU_CREA,CD_USU_MODI,FH_CREACION,FH_MODIFICACION,NB_MASK) values ('9124','22','A','113','710','CTR0|A06',null,'ArialBold10_5','0','T',null,null,null,null,null,null,null,null,null);
Insert into APDIGB.TBG004_ITEM (CD_ITEM,CD_SECCION,ST_ACTIVO,NU_COOR_X,NU_COOR_Y,NB_NOMBRE_VAR,NB_VALOR_VAR,NB_FUENTE,NU_ALINEAR,CH_TIPO,NU_ANCHO,NU_SC_X,NU_SC_Y,NU_IDX_CLIENTE,CD_USU_CREA,CD_USU_MODI,FH_CREACION,FH_MODIFICACION,NB_MASK) values ('9125','22','A','113','697','CTR0|A07',null,'ArialBold10_5','0','T',null,null,null,null,null,null,null,null,null);
Insert into APDIGB.TBG004_ITEM (CD_ITEM,CD_SECCION,ST_ACTIVO,NU_COOR_X,NU_COOR_Y,NB_NOMBRE_VAR,NB_VALOR_VAR,NB_FUENTE,NU_ALINEAR,CH_TIPO,NU_ANCHO,NU_SC_X,NU_SC_Y,NU_IDX_CLIENTE,CD_USU_CREA,CD_USU_MODI,FH_CREACION,FH_MODIFICACION,NB_MASK) values ('9126','22','A','103','678','CTR0|A08',null,'ArialBold10_5','0','T',null,null,null,null,null,null,null,null,null);
Insert into APDIGB.TBG004_ITEM (CD_ITEM,CD_SECCION,ST_ACTIVO,NU_COOR_X,NU_COOR_Y,NB_NOMBRE_VAR,NB_VALOR_VAR,NB_FUENTE,NU_ALINEAR,CH_TIPO,NU_ANCHO,NU_SC_X,NU_SC_Y,NU_IDX_CLIENTE,CD_USU_CREA,CD_USU_MODI,FH_CREACION,FH_MODIFICACION,NB_MASK) values ('9127','22','A','466','678','CTR0|A09',null,'ArialBold10_5','0','T',null,null,null,null,null,null,null,null,null);
Insert into APDIGB.TBG004_ITEM (CD_ITEM,CD_SECCION,ST_ACTIVO,NU_COOR_X,NU_COOR_Y,NB_NOMBRE_VAR,NB_VALOR_VAR,NB_FUENTE,NU_ALINEAR,CH_TIPO,NU_ANCHO,NU_SC_X,NU_SC_Y,NU_IDX_CLIENTE,CD_USU_CREA,CD_USU_MODI,FH_CREACION,FH_MODIFICACION,NB_MASK) values ('9128','22','A','412','738','CTR0|A02',null,'ArialBold10_5','0','T',null,null,null,null,null,null,null,null,null);
Insert into APDIGB.TBG004_ITEM (CD_ITEM,CD_SECCION,ST_ACTIVO,NU_COOR_X,NU_COOR_Y,NB_NOMBRE_VAR,NB_VALOR_VAR,NB_FUENTE,NU_ALINEAR,CH_TIPO,NU_ANCHO,NU_SC_X,NU_SC_Y,NU_IDX_CLIENTE,CD_USU_CREA,CD_USU_MODI,FH_CREACION,FH_MODIFICACION,NB_MASK) values ('9129','22','A','447','738','CTR0|A03',null,'ArialBold10_5','0','T',null,null,null,null,null,null,null,null,null);
Insert into APDIGB.TBG004_ITEM (CD_ITEM,CD_SECCION,ST_ACTIVO,NU_COOR_X,NU_COOR_Y,NB_NOMBRE_VAR,NB_VALOR_VAR,NB_FUENTE,NU_ALINEAR,CH_TIPO,NU_ANCHO,NU_SC_X,NU_SC_Y,NU_IDX_CLIENTE,CD_USU_CREA,CD_USU_MODI,FH_CREACION,FH_MODIFICACION,NB_MASK) values ('9130','22','A','477','738','CTR0|A04',null,'ArialBold10_5','0','T',null,null,null,null,null,null,null,null,null);
Insert into APDIGB.TBG004_ITEM (CD_ITEM,CD_SECCION,ST_ACTIVO,NU_COOR_X,NU_COOR_Y,NB_NOMBRE_VAR,NB_VALOR_VAR,NB_FUENTE,NU_ALINEAR,CH_TIPO,NU_ANCHO,NU_SC_X,NU_SC_Y,NU_IDX_CLIENTE,CD_USU_CREA,CD_USU_MODI,FH_CREACION,FH_MODIFICACION,NB_MASK) values ('9131','22','A','543','738','CTR0|A05',null,'ArialBold10_5','0','T',null,null,null,null,null,null,null,null,null);
Insert into APDIGB.TBG004_ITEM (CD_ITEM,CD_SECCION,ST_ACTIVO,NU_COOR_X,NU_COOR_Y,NB_NOMBRE_VAR,NB_VALOR_VAR,NB_FUENTE,NU_ALINEAR,CH_TIPO,NU_ANCHO,NU_SC_X,NU_SC_Y,NU_IDX_CLIENTE,CD_USU_CREA,CD_USU_MODI,FH_CREACION,FH_MODIFICACION,NB_MASK) values ('9132','23','A','169','513','CTR0|A01',null,'Arial11','0','T',null,null,null,null,null,null,null,null,null);
Insert into APDIGB.TBG004_ITEM (CD_ITEM,CD_SECCION,ST_ACTIVO,NU_COOR_X,NU_COOR_Y,NB_NOMBRE_VAR,NB_VALOR_VAR,NB_FUENTE,NU_ALINEAR,CH_TIPO,NU_ANCHO,NU_SC_X,NU_SC_Y,NU_IDX_CLIENTE,CD_USU_CREA,CD_USU_MODI,FH_CREACION,FH_MODIFICACION,NB_MASK) values ('9133','23','A','164','377','CTR0|G03',null,'ArialBold9','0','T',null,null,null,null,null,null,null,null,null);
Insert into APDIGB.TBG004_ITEM (CD_ITEM,CD_SECCION,ST_ACTIVO,NU_COOR_X,NU_COOR_Y,NB_NOMBRE_VAR,NB_VALOR_VAR,NB_FUENTE,NU_ALINEAR,CH_TIPO,NU_ANCHO,NU_SC_X,NU_SC_Y,NU_IDX_CLIENTE,CD_USU_CREA,CD_USU_MODI,FH_CREACION,FH_MODIFICACION,NB_MASK) values ('9134','23','A','158','393','CTR0|G01',null,'ArialBold9','1','T',null,null,null,null,null,null,null,null,null);
Insert into APDIGB.TBG004_ITEM (CD_ITEM,CD_SECCION,ST_ACTIVO,NU_COOR_X,NU_COOR_Y,NB_NOMBRE_VAR,NB_VALOR_VAR,NB_FUENTE,NU_ALINEAR,CH_TIPO,NU_ANCHO,NU_SC_X,NU_SC_Y,NU_IDX_CLIENTE,CD_USU_CREA,CD_USU_MODI,FH_CREACION,FH_MODIFICACION,NB_MASK) values ('9753','26','A','435','748','CTR0|A03',null,'ArialBold10','0','T',null,null,null,null,null,null,null,null,null);
Insert into APDIGB.TBG004_ITEM (CD_ITEM,CD_SECCION,ST_ACTIVO,NU_COOR_X,NU_COOR_Y,NB_NOMBRE_VAR,NB_VALOR_VAR,NB_FUENTE,NU_ALINEAR,CH_TIPO,NU_ANCHO,NU_SC_X,NU_SC_Y,NU_IDX_CLIENTE,CD_USU_CREA,CD_USU_MODI,FH_CREACION,FH_MODIFICACION,NB_MASK) values ('9136','23','A','200','90','barcode',null,null,'0','B','171','171','25','0',null,null,null,null,null);
Insert into APDIGB.TBG004_ITEM (CD_ITEM,CD_SECCION,ST_ACTIVO,NU_COOR_X,NU_COOR_Y,NB_NOMBRE_VAR,NB_VALOR_VAR,NB_FUENTE,NU_ALINEAR,CH_TIPO,NU_ANCHO,NU_SC_X,NU_SC_Y,NU_IDX_CLIENTE,CD_USU_CREA,CD_USU_MODI,FH_CREACION,FH_MODIFICACION,NB_MASK) values ('9138','5','A','380','637','RBA0|P15',null,'Arial9','0','T',null,null,null,null,null,null,null,null,null);
Insert into APDIGB.TBG004_ITEM (CD_ITEM,CD_SECCION,ST_ACTIVO,NU_COOR_X,NU_COOR_Y,NB_NOMBRE_VAR,NB_VALOR_VAR,NB_FUENTE,NU_ALINEAR,CH_TIPO,NU_ANCHO,NU_SC_X,NU_SC_Y,NU_IDX_CLIENTE,CD_USU_CREA,CD_USU_MODI,FH_CREACION,FH_MODIFICACION,NB_MASK) values ('9754','26','A','466','748','CTR0|A04',null,'ArialBold10','0','T',null,null,null,null,null,null,null,null,null);
Insert into APDIGB.TBG004_ITEM (CD_ITEM,CD_SECCION,ST_ACTIVO,NU_COOR_X,NU_COOR_Y,NB_NOMBRE_VAR,NB_VALOR_VAR,NB_FUENTE,NU_ALINEAR,CH_TIPO,NU_ANCHO,NU_SC_X,NU_SC_Y,NU_IDX_CLIENTE,CD_USU_CREA,CD_USU_MODI,FH_CREACION,FH_MODIFICACION,NB_MASK) values ('9755','26','A','530','748','CTR0|A05',null,'ArialBold10','0','T',null,null,null,null,null,null,null,null,null);
Insert into APDIGB.TBG004_ITEM (CD_ITEM,CD_SECCION,ST_ACTIVO,NU_COOR_X,NU_COOR_Y,NB_NOMBRE_VAR,NB_VALOR_VAR,NB_FUENTE,NU_ALINEAR,CH_TIPO,NU_ANCHO,NU_SC_X,NU_SC_Y,NU_IDX_CLIENTE,CD_USU_CREA,CD_USU_MODI,FH_CREACION,FH_MODIFICACION,NB_MASK) values ('9756','26','A','33','749','CTR0|G01',null,'ArialBold10','0','T',null,null,null,null,null,null,null,null,null);
Insert into APDIGB.TBG004_ITEM (CD_ITEM,CD_SECCION,ST_ACTIVO,NU_COOR_X,NU_COOR_Y,NB_NOMBRE_VAR,NB_VALOR_VAR,NB_FUENTE,NU_ALINEAR,CH_TIPO,NU_ANCHO,NU_SC_X,NU_SC_Y,NU_IDX_CLIENTE,CD_USU_CREA,CD_USU_MODI,FH_CREACION,FH_MODIFICACION,NB_MASK) values ('9757','26','A','127','734','CTR0|G03',null,'ArialBold10','0','T',null,null,null,null,null,null,null,null,null);
Insert into APDIGB.TBG004_ITEM (CD_ITEM,CD_SECCION,ST_ACTIVO,NU_COOR_X,NU_COOR_Y,NB_NOMBRE_VAR,NB_VALOR_VAR,NB_FUENTE,NU_ALINEAR,CH_TIPO,NU_ANCHO,NU_SC_X,NU_SC_Y,NU_IDX_CLIENTE,CD_USU_CREA,CD_USU_MODI,FH_CREACION,FH_MODIFICACION,NB_MASK) values ('9758','26','A','127','716','CTR0|A06',null,'ArialBold10','0','T',null,null,null,null,null,null,null,null,null);
Insert into APDIGB.TBG004_ITEM (CD_ITEM,CD_SECCION,ST_ACTIVO,NU_COOR_X,NU_COOR_Y,NB_NOMBRE_VAR,NB_VALOR_VAR,NB_FUENTE,NU_ALINEAR,CH_TIPO,NU_ANCHO,NU_SC_X,NU_SC_Y,NU_IDX_CLIENTE,CD_USU_CREA,CD_USU_MODI,FH_CREACION,FH_MODIFICACION,NB_MASK) values ('9759','26','A','127','700','CTR0|A07',null,'ArialBold10','0','T',null,null,null,null,null,null,null,null,null);
Insert into APDIGB.TBG004_ITEM (CD_ITEM,CD_SECCION,ST_ACTIVO,NU_COOR_X,NU_COOR_Y,NB_NOMBRE_VAR,NB_VALOR_VAR,NB_FUENTE,NU_ALINEAR,CH_TIPO,NU_ANCHO,NU_SC_X,NU_SC_Y,NU_IDX_CLIENTE,CD_USU_CREA,CD_USU_MODI,FH_CREACION,FH_MODIFICACION,NB_MASK) values ('9760','26','A','127','685','CTR0|A08',null,'ArialBold10','0','T',null,null,null,null,null,null,null,null,null);
Insert into APDIGB.TBG004_ITEM (CD_ITEM,CD_SECCION,ST_ACTIVO,NU_COOR_X,NU_COOR_Y,NB_NOMBRE_VAR,NB_VALOR_VAR,NB_FUENTE,NU_ALINEAR,CH_TIPO,NU_ANCHO,NU_SC_X,NU_SC_Y,NU_IDX_CLIENTE,CD_USU_CREA,CD_USU_MODI,FH_CREACION,FH_MODIFICACION,NB_MASK) values ('9137','5','A','60','743','RBA0|P15',null,'Arial9','0','T',null,null,null,null,null,null,null,null,null);
Insert into APDIGB.TBG004_ITEM (CD_ITEM,CD_SECCION,ST_ACTIVO,NU_COOR_X,NU_COOR_Y,NB_NOMBRE_VAR,NB_VALOR_VAR,NB_FUENTE,NU_ALINEAR,CH_TIPO,NU_ANCHO,NU_SC_X,NU_SC_Y,NU_IDX_CLIENTE,CD_USU_CREA,CD_USU_MODI,FH_CREACION,FH_MODIFICACION,NB_MASK) values ('9687','3','A','358','801','SOL0|A01',null,'ArialBold9','0','T',null,null,null,null,null,null,null,null,null);
Insert into APDIGB.TBG004_ITEM (CD_ITEM,CD_SECCION,ST_ACTIVO,NU_COOR_X,NU_COOR_Y,NB_NOMBRE_VAR,NB_VALOR_VAR,NB_FUENTE,NU_ALINEAR,CH_TIPO,NU_ANCHO,NU_SC_X,NU_SC_Y,NU_IDX_CLIENTE,CD_USU_CREA,CD_USU_MODI,FH_CREACION,FH_MODIFICACION,NB_MASK) values ('9688','3','A','471','801','SOL0|A02',null,'ArialBold9','0','T',null,null,null,null,null,null,null,null,null);
Insert into APDIGB.TBG004_ITEM (CD_ITEM,CD_SECCION,ST_ACTIVO,NU_COOR_X,NU_COOR_Y,NB_NOMBRE_VAR,NB_VALOR_VAR,NB_FUENTE,NU_ALINEAR,CH_TIPO,NU_ANCHO,NU_SC_X,NU_SC_Y,NU_IDX_CLIENTE,CD_USU_CREA,CD_USU_MODI,FH_CREACION,FH_MODIFICACION,NB_MASK) values ('9689','3','A','125','737','SOL0|A03',null,'ArialBold9','0','T',null,null,null,null,null,null,null,null,null);
Insert into APDIGB.TBG004_ITEM (CD_ITEM,CD_SECCION,ST_ACTIVO,NU_COOR_X,NU_COOR_Y,NB_NOMBRE_VAR,NB_VALOR_VAR,NB_FUENTE,NU_ALINEAR,CH_TIPO,NU_ANCHO,NU_SC_X,NU_SC_Y,NU_IDX_CLIENTE,CD_USU_CREA,CD_USU_MODI,FH_CREACION,FH_MODIFICACION,NB_MASK) values ('9690','3','A','397','737','SOL0|A04',null,'ArialBold9','0','T',null,null,null,null,null,null,null,null,null);
Insert into APDIGB.TBG004_ITEM (CD_ITEM,CD_SECCION,ST_ACTIVO,NU_COOR_X,NU_COOR_Y,NB_NOMBRE_VAR,NB_VALOR_VAR,NB_FUENTE,NU_ALINEAR,CH_TIPO,NU_ANCHO,NU_SC_X,NU_SC_Y,NU_IDX_CLIENTE,CD_USU_CREA,CD_USU_MODI,FH_CREACION,FH_MODIFICACION,NB_MASK) values ('9691','3','A','125','719','SOL0|A05',null,'ArialBold9','0','T',null,null,null,null,null,null,null,null,null);
Insert into APDIGB.TBG004_ITEM (CD_ITEM,CD_SECCION,ST_ACTIVO,NU_COOR_X,NU_COOR_Y,NB_NOMBRE_VAR,NB_VALOR_VAR,NB_FUENTE,NU_ALINEAR,CH_TIPO,NU_ANCHO,NU_SC_X,NU_SC_Y,NU_IDX_CLIENTE,CD_USU_CREA,CD_USU_MODI,FH_CREACION,FH_MODIFICACION,NB_MASK) values ('9692','3','A','397','719','SOL0|A06',null,'ArialBold9','0','T',null,null,null,null,null,null,null,null,null);
Insert into APDIGB.TBG004_ITEM (CD_ITEM,CD_SECCION,ST_ACTIVO,NU_COOR_X,NU_COOR_Y,NB_NOMBRE_VAR,NB_VALOR_VAR,NB_FUENTE,NU_ALINEAR,CH_TIPO,NU_ANCHO,NU_SC_X,NU_SC_Y,NU_IDX_CLIENTE,CD_USU_CREA,CD_USU_MODI,FH_CREACION,FH_MODIFICACION,NB_MASK) values ('9693','3','A','125','686','SOL0|A07',null,'ArialBold9','0','T',null,null,null,null,null,null,null,null,null);
Insert into APDIGB.TBG004_ITEM (CD_ITEM,CD_SECCION,ST_ACTIVO,NU_COOR_X,NU_COOR_Y,NB_NOMBRE_VAR,NB_VALOR_VAR,NB_FUENTE,NU_ALINEAR,CH_TIPO,NU_ANCHO,NU_SC_X,NU_SC_Y,NU_IDX_CLIENTE,CD_USU_CREA,CD_USU_MODI,FH_CREACION,FH_MODIFICACION,NB_MASK) values ('9694','3','A','397','684','SOL0|A08',null,'ArialBold9','0','T',null,null,null,null,null,null,null,null,null);
Insert into APDIGB.TBG004_ITEM (CD_ITEM,CD_SECCION,ST_ACTIVO,NU_COOR_X,NU_COOR_Y,NB_NOMBRE_VAR,NB_VALOR_VAR,NB_FUENTE,NU_ALINEAR,CH_TIPO,NU_ANCHO,NU_SC_X,NU_SC_Y,NU_IDX_CLIENTE,CD_USU_CREA,CD_USU_MODI,FH_CREACION,FH_MODIFICACION,NB_MASK) values ('9695','3','A','125','667','SOL0|A09',null,'ArialBold9','0','T',null,null,null,null,null,null,null,null,null);
Insert into APDIGB.TBG004_ITEM (CD_ITEM,CD_SECCION,ST_ACTIVO,NU_COOR_X,NU_COOR_Y,NB_NOMBRE_VAR,NB_VALOR_VAR,NB_FUENTE,NU_ALINEAR,CH_TIPO,NU_ANCHO,NU_SC_X,NU_SC_Y,NU_IDX_CLIENTE,CD_USU_CREA,CD_USU_MODI,FH_CREACION,FH_MODIFICACION,NB_MASK) values ('9696','3','A','462','668','SOL0|A14',null,'ArialBold9','0','T',null,null,null,null,null,null,null,null,null);
Insert into APDIGB.TBG004_ITEM (CD_ITEM,CD_SECCION,ST_ACTIVO,NU_COOR_X,NU_COOR_Y,NB_NOMBRE_VAR,NB_VALOR_VAR,NB_FUENTE,NU_ALINEAR,CH_TIPO,NU_ANCHO,NU_SC_X,NU_SC_Y,NU_IDX_CLIENTE,CD_USU_CREA,CD_USU_MODI,FH_CREACION,FH_MODIFICACION,NB_MASK) values ('9697','3','A','397','652','SOL0|A16',null,'ArialBold9','0','T',null,null,null,null,null,null,null,null,null);
Insert into APDIGB.TBG004_ITEM (CD_ITEM,CD_SECCION,ST_ACTIVO,NU_COOR_X,NU_COOR_Y,NB_NOMBRE_VAR,NB_VALOR_VAR,NB_FUENTE,NU_ALINEAR,CH_TIPO,NU_ANCHO,NU_SC_X,NU_SC_Y,NU_IDX_CLIENTE,CD_USU_CREA,CD_USU_MODI,FH_CREACION,FH_MODIFICACION,NB_MASK) values ('9698','3','A','125','651','SOL0|A17',null,'ArialBold9','0','T','26',null,null,null,null,null,null,null,null);
Insert into APDIGB.TBG004_ITEM (CD_ITEM,CD_SECCION,ST_ACTIVO,NU_COOR_X,NU_COOR_Y,NB_NOMBRE_VAR,NB_VALOR_VAR,NB_FUENTE,NU_ALINEAR,CH_TIPO,NU_ANCHO,NU_SC_X,NU_SC_Y,NU_IDX_CLIENTE,CD_USU_CREA,CD_USU_MODI,FH_CREACION,FH_MODIFICACION,NB_MASK) values ('9699','3','A','144','612','SOL0|A18',null,'ArialBold9','0','T',null,null,null,null,null,null,null,null,null);
Insert into APDIGB.TBG004_ITEM (CD_ITEM,CD_SECCION,ST_ACTIVO,NU_COOR_X,NU_COOR_Y,NB_NOMBRE_VAR,NB_VALOR_VAR,NB_FUENTE,NU_ALINEAR,CH_TIPO,NU_ANCHO,NU_SC_X,NU_SC_Y,NU_IDX_CLIENTE,CD_USU_CREA,CD_USU_MODI,FH_CREACION,FH_MODIFICACION,NB_MASK) values ('9700','3','A','414','611','SOL0|A19',null,'ArialBold9','0','T',null,null,null,null,null,null,null,null,null);
Insert into APDIGB.TBG004_ITEM (CD_ITEM,CD_SECCION,ST_ACTIVO,NU_COOR_X,NU_COOR_Y,NB_NOMBRE_VAR,NB_VALOR_VAR,NB_FUENTE,NU_ALINEAR,CH_TIPO,NU_ANCHO,NU_SC_X,NU_SC_Y,NU_IDX_CLIENTE,CD_USU_CREA,CD_USU_MODI,FH_CREACION,FH_MODIFICACION,NB_MASK) values ('9701','3','A','144','594','SOL0|A20',null,'ArialBold9','0','T',null,null,null,null,null,null,null,null,null);
Insert into APDIGB.TBG004_ITEM (CD_ITEM,CD_SECCION,ST_ACTIVO,NU_COOR_X,NU_COOR_Y,NB_NOMBRE_VAR,NB_VALOR_VAR,NB_FUENTE,NU_ALINEAR,CH_TIPO,NU_ANCHO,NU_SC_X,NU_SC_Y,NU_IDX_CLIENTE,CD_USU_CREA,CD_USU_MODI,FH_CREACION,FH_MODIFICACION,NB_MASK) values ('8833','1','A','481','784','CTR0|A01',null,'ArialBold10_5','0','T',null,null,null,null,null,null,null,null,null);
Insert into APDIGB.TBG004_ITEM (CD_ITEM,CD_SECCION,ST_ACTIVO,NU_COOR_X,NU_COOR_Y,NB_NOMBRE_VAR,NB_VALOR_VAR,NB_FUENTE,NU_ALINEAR,CH_TIPO,NU_ANCHO,NU_SC_X,NU_SC_Y,NU_IDX_CLIENTE,CD_USU_CREA,CD_USU_MODI,FH_CREACION,FH_MODIFICACION,NB_MASK) values ('8834','1','A','46','746','CTR0|G01',null,'ArialBold10_5','0','T',null,null,null,null,null,null,null,null,null);
Insert into APDIGB.TBG004_ITEM (CD_ITEM,CD_SECCION,ST_ACTIVO,NU_COOR_X,NU_COOR_Y,NB_NOMBRE_VAR,NB_VALOR_VAR,NB_FUENTE,NU_ALINEAR,CH_TIPO,NU_ANCHO,NU_SC_X,NU_SC_Y,NU_IDX_CLIENTE,CD_USU_CREA,CD_USU_MODI,FH_CREACION,FH_MODIFICACION,NB_MASK) values ('8835','1','A','165','718','CTR0|G03',null,'ArialBold10_5','0','T',null,null,null,null,null,null,null,null,null);
Insert into APDIGB.TBG004_ITEM (CD_ITEM,CD_SECCION,ST_ACTIVO,NU_COOR_X,NU_COOR_Y,NB_NOMBRE_VAR,NB_VALOR_VAR,NB_FUENTE,NU_ALINEAR,CH_TIPO,NU_ANCHO,NU_SC_X,NU_SC_Y,NU_IDX_CLIENTE,CD_USU_CREA,CD_USU_MODI,FH_CREACION,FH_MODIFICACION,NB_MASK) values ('8836','1','A','111','698','CTR0|A06',null,'ArialBold10_5','0','T',null,null,null,null,null,null,null,null,null);
Insert into APDIGB.TBG004_ITEM (CD_ITEM,CD_SECCION,ST_ACTIVO,NU_COOR_X,NU_COOR_Y,NB_NOMBRE_VAR,NB_VALOR_VAR,NB_FUENTE,NU_ALINEAR,CH_TIPO,NU_ANCHO,NU_SC_X,NU_SC_Y,NU_IDX_CLIENTE,CD_USU_CREA,CD_USU_MODI,FH_CREACION,FH_MODIFICACION,NB_MASK) values ('8837','1','A','111','685','CTR0|A07',null,'ArialBold10_5','0','T',null,null,null,null,null,null,null,null,null);
Insert into APDIGB.TBG004_ITEM (CD_ITEM,CD_SECCION,ST_ACTIVO,NU_COOR_X,NU_COOR_Y,NB_NOMBRE_VAR,NB_VALOR_VAR,NB_FUENTE,NU_ALINEAR,CH_TIPO,NU_ANCHO,NU_SC_X,NU_SC_Y,NU_IDX_CLIENTE,CD_USU_CREA,CD_USU_MODI,FH_CREACION,FH_MODIFICACION,NB_MASK) values ('8838','1','A','103','667','CTR0|A08',null,'ArialBold10_5','0','T',null,null,null,null,null,null,null,null,null);
Insert into APDIGB.TBG004_ITEM (CD_ITEM,CD_SECCION,ST_ACTIVO,NU_COOR_X,NU_COOR_Y,NB_NOMBRE_VAR,NB_VALOR_VAR,NB_FUENTE,NU_ALINEAR,CH_TIPO,NU_ANCHO,NU_SC_X,NU_SC_Y,NU_IDX_CLIENTE,CD_USU_CREA,CD_USU_MODI,FH_CREACION,FH_MODIFICACION,NB_MASK) values ('8839','1','A','498','667','CTR0|A09',null,'ArialBold10_5','0','T',null,null,null,null,null,null,null,null,null);
Insert into APDIGB.TBG004_ITEM (CD_ITEM,CD_SECCION,ST_ACTIVO,NU_COOR_X,NU_COOR_Y,NB_NOMBRE_VAR,NB_VALOR_VAR,NB_FUENTE,NU_ALINEAR,CH_TIPO,NU_ANCHO,NU_SC_X,NU_SC_Y,NU_IDX_CLIENTE,CD_USU_CREA,CD_USU_MODI,FH_CREACION,FH_MODIFICACION,NB_MASK) values ('8840','1','A','412','734','CTR0|A02',null,'ArialBold10_5','0','T',null,null,null,null,null,null,null,null,null);
Insert into APDIGB.TBG004_ITEM (CD_ITEM,CD_SECCION,ST_ACTIVO,NU_COOR_X,NU_COOR_Y,NB_NOMBRE_VAR,NB_VALOR_VAR,NB_FUENTE,NU_ALINEAR,CH_TIPO,NU_ANCHO,NU_SC_X,NU_SC_Y,NU_IDX_CLIENTE,CD_USU_CREA,CD_USU_MODI,FH_CREACION,FH_MODIFICACION,NB_MASK) values ('8841','1','A','447','734','CTR0|A03',null,'ArialBold10_5','0','T',null,null,null,null,null,null,null,null,null);
Insert into APDIGB.TBG004_ITEM (CD_ITEM,CD_SECCION,ST_ACTIVO,NU_COOR_X,NU_COOR_Y,NB_NOMBRE_VAR,NB_VALOR_VAR,NB_FUENTE,NU_ALINEAR,CH_TIPO,NU_ANCHO,NU_SC_X,NU_SC_Y,NU_IDX_CLIENTE,CD_USU_CREA,CD_USU_MODI,FH_CREACION,FH_MODIFICACION,NB_MASK) values ('8842','1','A','478','734','CTR0|A04',null,'ArialBold10_5','0','T',null,null,null,null,null,null,null,null,null);
Insert into APDIGB.TBG004_ITEM (CD_ITEM,CD_SECCION,ST_ACTIVO,NU_COOR_X,NU_COOR_Y,NB_NOMBRE_VAR,NB_VALOR_VAR,NB_FUENTE,NU_ALINEAR,CH_TIPO,NU_ANCHO,NU_SC_X,NU_SC_Y,NU_IDX_CLIENTE,CD_USU_CREA,CD_USU_MODI,FH_CREACION,FH_MODIFICACION,NB_MASK) values ('8843','1','A','543','734','CTR0|A05',null,'ArialBold10_5','0','T',null,null,null,null,null,null,null,null,null);
Insert into APDIGB.TBG004_ITEM (CD_ITEM,CD_SECCION,ST_ACTIVO,NU_COOR_X,NU_COOR_Y,NB_NOMBRE_VAR,NB_VALOR_VAR,NB_FUENTE,NU_ALINEAR,CH_TIPO,NU_ANCHO,NU_SC_X,NU_SC_Y,NU_IDX_CLIENTE,CD_USU_CREA,CD_USU_MODI,FH_CREACION,FH_MODIFICACION,NB_MASK) values ('8844','2','A','168','768','CTR0|A01',null,'Arial11','0','T',null,null,null,null,null,null,null,null,null);
Insert into APDIGB.TBG004_ITEM (CD_ITEM,CD_SECCION,ST_ACTIVO,NU_COOR_X,NU_COOR_Y,NB_NOMBRE_VAR,NB_VALOR_VAR,NB_FUENTE,NU_ALINEAR,CH_TIPO,NU_ANCHO,NU_SC_X,NU_SC_Y,NU_IDX_CLIENTE,CD_USU_CREA,CD_USU_MODI,FH_CREACION,FH_MODIFICACION,NB_MASK) values ('8845','2','A','162','624','CTR0|G03',null,'ArialBold9','0','T',null,null,null,null,null,null,null,null,null);
Insert into APDIGB.TBG004_ITEM (CD_ITEM,CD_SECCION,ST_ACTIVO,NU_COOR_X,NU_COOR_Y,NB_NOMBRE_VAR,NB_VALOR_VAR,NB_FUENTE,NU_ALINEAR,CH_TIPO,NU_ANCHO,NU_SC_X,NU_SC_Y,NU_IDX_CLIENTE,CD_USU_CREA,CD_USU_MODI,FH_CREACION,FH_MODIFICACION,NB_MASK) values ('8846','2','A','156','639','CTR0|G01',null,'ArialBold9','1','T',null,null,null,null,null,null,null,null,null);
Insert into APDIGB.TBG004_ITEM (CD_ITEM,CD_SECCION,ST_ACTIVO,NU_COOR_X,NU_COOR_Y,NB_NOMBRE_VAR,NB_VALOR_VAR,NB_FUENTE,NU_ALINEAR,CH_TIPO,NU_ANCHO,NU_SC_X,NU_SC_Y,NU_IDX_CLIENTE,CD_USU_CREA,CD_USU_MODI,FH_CREACION,FH_MODIFICACION,NB_MASK) values ('9702','3','A','414','594','SOL0|A21',null,'ArialBold9','0','T',null,null,null,null,null,null,null,null,null);
Insert into APDIGB.TBG004_ITEM (CD_ITEM,CD_SECCION,ST_ACTIVO,NU_COOR_X,NU_COOR_Y,NB_NOMBRE_VAR,NB_VALOR_VAR,NB_FUENTE,NU_ALINEAR,CH_TIPO,NU_ANCHO,NU_SC_X,NU_SC_Y,NU_IDX_CLIENTE,CD_USU_CREA,CD_USU_MODI,FH_CREACION,FH_MODIFICACION,NB_MASK) values ('8848','2','A','200','320','barcode',null,null,'0','B','171','171','25','0',null,null,null,null,null);
Insert into APDIGB.TBG004_ITEM (CD_ITEM,CD_SECCION,ST_ACTIVO,NU_COOR_X,NU_COOR_Y,NB_NOMBRE_VAR,NB_VALOR_VAR,NB_FUENTE,NU_ALINEAR,CH_TIPO,NU_ANCHO,NU_SC_X,NU_SC_Y,NU_IDX_CLIENTE,CD_USU_CREA,CD_USU_MODI,FH_CREACION,FH_MODIFICACION,NB_MASK) values ('9703','3','A','144','579','SOL0|A22',null,'ArialBold9','0','T',null,null,null,null,null,null,null,null,null);
Insert into APDIGB.TBG004_ITEM (CD_ITEM,CD_SECCION,ST_ACTIVO,NU_COOR_X,NU_COOR_Y,NB_NOMBRE_VAR,NB_VALOR_VAR,NB_FUENTE,NU_ALINEAR,CH_TIPO,NU_ANCHO,NU_SC_X,NU_SC_Y,NU_IDX_CLIENTE,CD_USU_CREA,CD_USU_MODI,FH_CREACION,FH_MODIFICACION,NB_MASK) values ('9704','3','A','414','578','SOL0|A23',null,'ArialBold9','0','T',null,null,null,null,null,null,null,null,null);
Insert into APDIGB.TBG004_ITEM (CD_ITEM,CD_SECCION,ST_ACTIVO,NU_COOR_X,NU_COOR_Y,NB_NOMBRE_VAR,NB_VALOR_VAR,NB_FUENTE,NU_ALINEAR,CH_TIPO,NU_ANCHO,NU_SC_X,NU_SC_Y,NU_IDX_CLIENTE,CD_USU_CREA,CD_USU_MODI,FH_CREACION,FH_MODIFICACION,NB_MASK) values ('9705','3','A','144','562','SOL0|A24',null,'ArialBold9','0','T',null,null,null,null,null,null,null,null,null);
Insert into APDIGB.TBG004_ITEM (CD_ITEM,CD_SECCION,ST_ACTIVO,NU_COOR_X,NU_COOR_Y,NB_NOMBRE_VAR,NB_VALOR_VAR,NB_FUENTE,NU_ALINEAR,CH_TIPO,NU_ANCHO,NU_SC_X,NU_SC_Y,NU_IDX_CLIENTE,CD_USU_CREA,CD_USU_MODI,FH_CREACION,FH_MODIFICACION,NB_MASK) values ('9706','3','A','414','562','SOL0|A25',null,'ArialBold9','0','T',null,null,null,null,null,null,null,null,null);
Insert into APDIGB.TBG004_ITEM (CD_ITEM,CD_SECCION,ST_ACTIVO,NU_COOR_X,NU_COOR_Y,NB_NOMBRE_VAR,NB_VALOR_VAR,NB_FUENTE,NU_ALINEAR,CH_TIPO,NU_ANCHO,NU_SC_X,NU_SC_Y,NU_IDX_CLIENTE,CD_USU_CREA,CD_USU_MODI,FH_CREACION,FH_MODIFICACION,NB_MASK) values ('9707','3','A','144','545','SOL0|A26',null,'ArialBold9','0','T',null,null,null,null,null,null,null,null,null);
Insert into APDIGB.TBG004_ITEM (CD_ITEM,CD_SECCION,ST_ACTIVO,NU_COOR_X,NU_COOR_Y,NB_NOMBRE_VAR,NB_VALOR_VAR,NB_FUENTE,NU_ALINEAR,CH_TIPO,NU_ANCHO,NU_SC_X,NU_SC_Y,NU_IDX_CLIENTE,CD_USU_CREA,CD_USU_MODI,FH_CREACION,FH_MODIFICACION,NB_MASK) values ('9708','3','A','414','542','SOL0|A29',null,'ArialBold9','0','T',null,null,null,null,null,null,null,null,null);
Insert into APDIGB.TBG004_ITEM (CD_ITEM,CD_SECCION,ST_ACTIVO,NU_COOR_X,NU_COOR_Y,NB_NOMBRE_VAR,NB_VALOR_VAR,NB_FUENTE,NU_ALINEAR,CH_TIPO,NU_ANCHO,NU_SC_X,NU_SC_Y,NU_IDX_CLIENTE,CD_USU_CREA,CD_USU_MODI,FH_CREACION,FH_MODIFICACION,NB_MASK) values ('9709','3','A','487','492','SOL0|A30',null,'ArialBold9','0','T',null,null,null,null,null,null,null,null,null);
Insert into APDIGB.TBG004_ITEM (CD_ITEM,CD_SECCION,ST_ACTIVO,NU_COOR_X,NU_COOR_Y,NB_NOMBRE_VAR,NB_VALOR_VAR,NB_FUENTE,NU_ALINEAR,CH_TIPO,NU_ANCHO,NU_SC_X,NU_SC_Y,NU_IDX_CLIENTE,CD_USU_CREA,CD_USU_MODI,FH_CREACION,FH_MODIFICACION,NB_MASK) values ('9710','3','A','526','494','SOL0|A31',null,'ArialBold9','0','T',null,null,null,null,null,null,null,null,null);
Insert into APDIGB.TBG004_ITEM (CD_ITEM,CD_SECCION,ST_ACTIVO,NU_COOR_X,NU_COOR_Y,NB_NOMBRE_VAR,NB_VALOR_VAR,NB_FUENTE,NU_ALINEAR,CH_TIPO,NU_ANCHO,NU_SC_X,NU_SC_Y,NU_IDX_CLIENTE,CD_USU_CREA,CD_USU_MODI,FH_CREACION,FH_MODIFICACION,NB_MASK) values ('9711','3','A','30','375','SOL0|A56',null,'ArialBold9','0','T',null,null,null,null,null,null,null,null,null);
Insert into APDIGB.TBG004_ITEM (CD_ITEM,CD_SECCION,ST_ACTIVO,NU_COOR_X,NU_COOR_Y,NB_NOMBRE_VAR,NB_VALOR_VAR,NB_FUENTE,NU_ALINEAR,CH_TIPO,NU_ANCHO,NU_SC_X,NU_SC_Y,NU_IDX_CLIENTE,CD_USU_CREA,CD_USU_MODI,FH_CREACION,FH_MODIFICACION,NB_MASK) values ('9712','3','A','30','353','SOL0|A57',null,'ArialBold9','0','T',null,null,null,null,null,null,null,null,null);
Insert into APDIGB.TBG004_ITEM (CD_ITEM,CD_SECCION,ST_ACTIVO,NU_COOR_X,NU_COOR_Y,NB_NOMBRE_VAR,NB_VALOR_VAR,NB_FUENTE,NU_ALINEAR,CH_TIPO,NU_ANCHO,NU_SC_X,NU_SC_Y,NU_IDX_CLIENTE,CD_USU_CREA,CD_USU_MODI,FH_CREACION,FH_MODIFICACION,NB_MASK) values ('9713','3','A','30','333','SOL0|A58',null,'ArialBold9','0','T',null,null,null,null,null,null,null,null,null);
Insert into APDIGB.TBG004_ITEM (CD_ITEM,CD_SECCION,ST_ACTIVO,NU_COOR_X,NU_COOR_Y,NB_NOMBRE_VAR,NB_VALOR_VAR,NB_FUENTE,NU_ALINEAR,CH_TIPO,NU_ANCHO,NU_SC_X,NU_SC_Y,NU_IDX_CLIENTE,CD_USU_CREA,CD_USU_MODI,FH_CREACION,FH_MODIFICACION,NB_MASK) values ('9714','3','A','30','312','SOL0|A59',null,'ArialBold9','0','T',null,null,null,null,null,null,null,null,null);
Insert into APDIGB.TBG004_ITEM (CD_ITEM,CD_SECCION,ST_ACTIVO,NU_COOR_X,NU_COOR_Y,NB_NOMBRE_VAR,NB_VALOR_VAR,NB_FUENTE,NU_ALINEAR,CH_TIPO,NU_ANCHO,NU_SC_X,NU_SC_Y,NU_IDX_CLIENTE,CD_USU_CREA,CD_USU_MODI,FH_CREACION,FH_MODIFICACION,NB_MASK) values ('9715','3','A','281','339','SOL0|A61',null,'ArialBold9','0','T',null,null,null,null,null,null,null,null,null);
Insert into APDIGB.TBG004_ITEM (CD_ITEM,CD_SECCION,ST_ACTIVO,NU_COOR_X,NU_COOR_Y,NB_NOMBRE_VAR,NB_VALOR_VAR,NB_FUENTE,NU_ALINEAR,CH_TIPO,NU_ANCHO,NU_SC_X,NU_SC_Y,NU_IDX_CLIENTE,CD_USU_CREA,CD_USU_MODI,FH_CREACION,FH_MODIFICACION,NB_MASK) values ('9716','3','A','31','131','SOL0|A63',null,'ArialBold9','0','T',null,null,null,null,null,null,null,null,null);
Insert into APDIGB.TBG004_ITEM (CD_ITEM,CD_SECCION,ST_ACTIVO,NU_COOR_X,NU_COOR_Y,NB_NOMBRE_VAR,NB_VALOR_VAR,NB_FUENTE,NU_ALINEAR,CH_TIPO,NU_ANCHO,NU_SC_X,NU_SC_Y,NU_IDX_CLIENTE,CD_USU_CREA,CD_USU_MODI,FH_CREACION,FH_MODIFICACION,NB_MASK) values ('9717','3','A','31','109','SOL0|A64',null,'ArialBold9','0','T',null,null,null,null,null,null,null,null,null);
Insert into APDIGB.TBG004_ITEM (CD_ITEM,CD_SECCION,ST_ACTIVO,NU_COOR_X,NU_COOR_Y,NB_NOMBRE_VAR,NB_VALOR_VAR,NB_FUENTE,NU_ALINEAR,CH_TIPO,NU_ANCHO,NU_SC_X,NU_SC_Y,NU_IDX_CLIENTE,CD_USU_CREA,CD_USU_MODI,FH_CREACION,FH_MODIFICACION,NB_MASK) values ('9718','4','A','226','533','huella',null,null,'0','I','130','57','75','0',null,null,null,null,null);
Insert into APDIGB.TBG004_ITEM (CD_ITEM,CD_SECCION,ST_ACTIVO,NU_COOR_X,NU_COOR_Y,NB_NOMBRE_VAR,NB_VALOR_VAR,NB_FUENTE,NU_ALINEAR,CH_TIPO,NU_ANCHO,NU_SC_X,NU_SC_Y,NU_IDX_CLIENTE,CD_USU_CREA,CD_USU_MODI,FH_CREACION,FH_MODIFICACION,NB_MASK) values ('9719','24','A','358','801','SOL0|A01',null,'ArialBold9','0','T',null,null,null,null,null,null,null,null,null);
Insert into APDIGB.TBG004_ITEM (CD_ITEM,CD_SECCION,ST_ACTIVO,NU_COOR_X,NU_COOR_Y,NB_NOMBRE_VAR,NB_VALOR_VAR,NB_FUENTE,NU_ALINEAR,CH_TIPO,NU_ANCHO,NU_SC_X,NU_SC_Y,NU_IDX_CLIENTE,CD_USU_CREA,CD_USU_MODI,FH_CREACION,FH_MODIFICACION,NB_MASK) values ('9720','24','A','471','801','SOL0|A02',null,'ArialBold9','0','T',null,null,null,null,null,null,null,null,null);
Insert into APDIGB.TBG004_ITEM (CD_ITEM,CD_SECCION,ST_ACTIVO,NU_COOR_X,NU_COOR_Y,NB_NOMBRE_VAR,NB_VALOR_VAR,NB_FUENTE,NU_ALINEAR,CH_TIPO,NU_ANCHO,NU_SC_X,NU_SC_Y,NU_IDX_CLIENTE,CD_USU_CREA,CD_USU_MODI,FH_CREACION,FH_MODIFICACION,NB_MASK) values ('9721','24','A','125','737','SOL0|A03',null,'ArialBold9','0','T',null,null,null,null,null,null,null,null,null);
Insert into APDIGB.TBG004_ITEM (CD_ITEM,CD_SECCION,ST_ACTIVO,NU_COOR_X,NU_COOR_Y,NB_NOMBRE_VAR,NB_VALOR_VAR,NB_FUENTE,NU_ALINEAR,CH_TIPO,NU_ANCHO,NU_SC_X,NU_SC_Y,NU_IDX_CLIENTE,CD_USU_CREA,CD_USU_MODI,FH_CREACION,FH_MODIFICACION,NB_MASK) values ('9722','24','A','397','737','SOL0|A04',null,'ArialBold9','0','T',null,null,null,null,null,null,null,null,null);
Insert into APDIGB.TBG004_ITEM (CD_ITEM,CD_SECCION,ST_ACTIVO,NU_COOR_X,NU_COOR_Y,NB_NOMBRE_VAR,NB_VALOR_VAR,NB_FUENTE,NU_ALINEAR,CH_TIPO,NU_ANCHO,NU_SC_X,NU_SC_Y,NU_IDX_CLIENTE,CD_USU_CREA,CD_USU_MODI,FH_CREACION,FH_MODIFICACION,NB_MASK) values ('9723','24','A','125','719','SOL0|A05',null,'ArialBold9','0','T',null,null,null,null,null,null,null,null,null);
Insert into APDIGB.TBG004_ITEM (CD_ITEM,CD_SECCION,ST_ACTIVO,NU_COOR_X,NU_COOR_Y,NB_NOMBRE_VAR,NB_VALOR_VAR,NB_FUENTE,NU_ALINEAR,CH_TIPO,NU_ANCHO,NU_SC_X,NU_SC_Y,NU_IDX_CLIENTE,CD_USU_CREA,CD_USU_MODI,FH_CREACION,FH_MODIFICACION,NB_MASK) values ('9724','24','A','397','719','SOL0|A06',null,'ArialBold9','0','T',null,null,null,null,null,null,null,null,null);
Insert into APDIGB.TBG004_ITEM (CD_ITEM,CD_SECCION,ST_ACTIVO,NU_COOR_X,NU_COOR_Y,NB_NOMBRE_VAR,NB_VALOR_VAR,NB_FUENTE,NU_ALINEAR,CH_TIPO,NU_ANCHO,NU_SC_X,NU_SC_Y,NU_IDX_CLIENTE,CD_USU_CREA,CD_USU_MODI,FH_CREACION,FH_MODIFICACION,NB_MASK) values ('9725','24','A','125','684','SOL0|A07',null,'ArialBold9','0','T',null,null,null,null,null,null,null,null,null);
Insert into APDIGB.TBG004_ITEM (CD_ITEM,CD_SECCION,ST_ACTIVO,NU_COOR_X,NU_COOR_Y,NB_NOMBRE_VAR,NB_VALOR_VAR,NB_FUENTE,NU_ALINEAR,CH_TIPO,NU_ANCHO,NU_SC_X,NU_SC_Y,NU_IDX_CLIENTE,CD_USU_CREA,CD_USU_MODI,FH_CREACION,FH_MODIFICACION,NB_MASK) values ('9726','24','A','397','684','SOL0|A08',null,'ArialBold9','0','T',null,null,null,null,null,null,null,null,null);
Insert into APDIGB.TBG004_ITEM (CD_ITEM,CD_SECCION,ST_ACTIVO,NU_COOR_X,NU_COOR_Y,NB_NOMBRE_VAR,NB_VALOR_VAR,NB_FUENTE,NU_ALINEAR,CH_TIPO,NU_ANCHO,NU_SC_X,NU_SC_Y,NU_IDX_CLIENTE,CD_USU_CREA,CD_USU_MODI,FH_CREACION,FH_MODIFICACION,NB_MASK) values ('9727','24','A','125','665','SOL0|A09',null,'ArialBold9','0','T',null,null,null,null,null,null,null,null,null);
Insert into APDIGB.TBG004_ITEM (CD_ITEM,CD_SECCION,ST_ACTIVO,NU_COOR_X,NU_COOR_Y,NB_NOMBRE_VAR,NB_VALOR_VAR,NB_FUENTE,NU_ALINEAR,CH_TIPO,NU_ANCHO,NU_SC_X,NU_SC_Y,NU_IDX_CLIENTE,CD_USU_CREA,CD_USU_MODI,FH_CREACION,FH_MODIFICACION,NB_MASK) values ('9728','24','A','464','668','SOL0|A14',null,'ArialBold9','0','T',null,null,null,null,null,null,null,null,null);
Insert into APDIGB.TBG004_ITEM (CD_ITEM,CD_SECCION,ST_ACTIVO,NU_COOR_X,NU_COOR_Y,NB_NOMBRE_VAR,NB_VALOR_VAR,NB_FUENTE,NU_ALINEAR,CH_TIPO,NU_ANCHO,NU_SC_X,NU_SC_Y,NU_IDX_CLIENTE,CD_USU_CREA,CD_USU_MODI,FH_CREACION,FH_MODIFICACION,NB_MASK) values ('9729','24','A','397','652','SOL0|A16',null,'ArialBold9','0','T',null,null,null,null,null,null,null,null,null);
Insert into APDIGB.TBG004_ITEM (CD_ITEM,CD_SECCION,ST_ACTIVO,NU_COOR_X,NU_COOR_Y,NB_NOMBRE_VAR,NB_VALOR_VAR,NB_FUENTE,NU_ALINEAR,CH_TIPO,NU_ANCHO,NU_SC_X,NU_SC_Y,NU_IDX_CLIENTE,CD_USU_CREA,CD_USU_MODI,FH_CREACION,FH_MODIFICACION,NB_MASK) values ('9730','24','A','125','651','SOL0|A17',null,'ArialBold9','0','T','26',null,null,null,null,null,null,null,null);
Insert into APDIGB.TBG004_ITEM (CD_ITEM,CD_SECCION,ST_ACTIVO,NU_COOR_X,NU_COOR_Y,NB_NOMBRE_VAR,NB_VALOR_VAR,NB_FUENTE,NU_ALINEAR,CH_TIPO,NU_ANCHO,NU_SC_X,NU_SC_Y,NU_IDX_CLIENTE,CD_USU_CREA,CD_USU_MODI,FH_CREACION,FH_MODIFICACION,NB_MASK) values ('9731','24','A','144','612','SOL0|A18',null,'ArialBold9','0','T',null,null,null,null,null,null,null,null,null);
Insert into APDIGB.TBG004_ITEM (CD_ITEM,CD_SECCION,ST_ACTIVO,NU_COOR_X,NU_COOR_Y,NB_NOMBRE_VAR,NB_VALOR_VAR,NB_FUENTE,NU_ALINEAR,CH_TIPO,NU_ANCHO,NU_SC_X,NU_SC_Y,NU_IDX_CLIENTE,CD_USU_CREA,CD_USU_MODI,FH_CREACION,FH_MODIFICACION,NB_MASK) values ('9732','24','A','414','612','SOL0|A19',null,'ArialBold9','0','T',null,null,null,null,null,null,null,null,null);
Insert into APDIGB.TBG004_ITEM (CD_ITEM,CD_SECCION,ST_ACTIVO,NU_COOR_X,NU_COOR_Y,NB_NOMBRE_VAR,NB_VALOR_VAR,NB_FUENTE,NU_ALINEAR,CH_TIPO,NU_ANCHO,NU_SC_X,NU_SC_Y,NU_IDX_CLIENTE,CD_USU_CREA,CD_USU_MODI,FH_CREACION,FH_MODIFICACION,NB_MASK) values ('9733','24','A','144','594','SOL0|A20',null,'ArialBold9','0','T',null,null,null,null,null,null,null,null,null);
Insert into APDIGB.TBG004_ITEM (CD_ITEM,CD_SECCION,ST_ACTIVO,NU_COOR_X,NU_COOR_Y,NB_NOMBRE_VAR,NB_VALOR_VAR,NB_FUENTE,NU_ALINEAR,CH_TIPO,NU_ANCHO,NU_SC_X,NU_SC_Y,NU_IDX_CLIENTE,CD_USU_CREA,CD_USU_MODI,FH_CREACION,FH_MODIFICACION,NB_MASK) values ('9734','24','A','414','594','SOL0|A21',null,'ArialBold9','0','T',null,null,null,null,null,null,null,null,null);
Insert into APDIGB.TBG004_ITEM (CD_ITEM,CD_SECCION,ST_ACTIVO,NU_COOR_X,NU_COOR_Y,NB_NOMBRE_VAR,NB_VALOR_VAR,NB_FUENTE,NU_ALINEAR,CH_TIPO,NU_ANCHO,NU_SC_X,NU_SC_Y,NU_IDX_CLIENTE,CD_USU_CREA,CD_USU_MODI,FH_CREACION,FH_MODIFICACION,NB_MASK) values ('9735','24','A','144','579','SOL0|A22',null,'ArialBold9','0','T',null,null,null,null,null,null,null,null,null);
Insert into APDIGB.TBG004_ITEM (CD_ITEM,CD_SECCION,ST_ACTIVO,NU_COOR_X,NU_COOR_Y,NB_NOMBRE_VAR,NB_VALOR_VAR,NB_FUENTE,NU_ALINEAR,CH_TIPO,NU_ANCHO,NU_SC_X,NU_SC_Y,NU_IDX_CLIENTE,CD_USU_CREA,CD_USU_MODI,FH_CREACION,FH_MODIFICACION,NB_MASK) values ('9736','24','A','414','579','SOL0|A23',null,'ArialBold9','0','T',null,null,null,null,null,null,null,null,null);
Insert into APDIGB.TBG004_ITEM (CD_ITEM,CD_SECCION,ST_ACTIVO,NU_COOR_X,NU_COOR_Y,NB_NOMBRE_VAR,NB_VALOR_VAR,NB_FUENTE,NU_ALINEAR,CH_TIPO,NU_ANCHO,NU_SC_X,NU_SC_Y,NU_IDX_CLIENTE,CD_USU_CREA,CD_USU_MODI,FH_CREACION,FH_MODIFICACION,NB_MASK) values ('9737','24','A','144','563','SOL0|A24',null,'ArialBold9','0','T',null,null,null,null,null,null,null,null,null);
Insert into APDIGB.TBG004_ITEM (CD_ITEM,CD_SECCION,ST_ACTIVO,NU_COOR_X,NU_COOR_Y,NB_NOMBRE_VAR,NB_VALOR_VAR,NB_FUENTE,NU_ALINEAR,CH_TIPO,NU_ANCHO,NU_SC_X,NU_SC_Y,NU_IDX_CLIENTE,CD_USU_CREA,CD_USU_MODI,FH_CREACION,FH_MODIFICACION,NB_MASK) values ('9738','24','A','414','563','SOL0|A25',null,'ArialBold9','0','T',null,null,null,null,null,null,null,null,null);
Insert into APDIGB.TBG004_ITEM (CD_ITEM,CD_SECCION,ST_ACTIVO,NU_COOR_X,NU_COOR_Y,NB_NOMBRE_VAR,NB_VALOR_VAR,NB_FUENTE,NU_ALINEAR,CH_TIPO,NU_ANCHO,NU_SC_X,NU_SC_Y,NU_IDX_CLIENTE,CD_USU_CREA,CD_USU_MODI,FH_CREACION,FH_MODIFICACION,NB_MASK) values ('9739','24','A','144','543','SOL0|A26',null,'ArialBold9','0','T',null,null,null,null,null,null,null,null,null);
Insert into APDIGB.TBG004_ITEM (CD_ITEM,CD_SECCION,ST_ACTIVO,NU_COOR_X,NU_COOR_Y,NB_NOMBRE_VAR,NB_VALOR_VAR,NB_FUENTE,NU_ALINEAR,CH_TIPO,NU_ANCHO,NU_SC_X,NU_SC_Y,NU_IDX_CLIENTE,CD_USU_CREA,CD_USU_MODI,FH_CREACION,FH_MODIFICACION,NB_MASK) values ('9740','24','A','414','543','SOL0|A29',null,'ArialBold9','0','T',null,null,null,null,null,null,null,null,null);
Insert into APDIGB.TBG004_ITEM (CD_ITEM,CD_SECCION,ST_ACTIVO,NU_COOR_X,NU_COOR_Y,NB_NOMBRE_VAR,NB_VALOR_VAR,NB_FUENTE,NU_ALINEAR,CH_TIPO,NU_ANCHO,NU_SC_X,NU_SC_Y,NU_IDX_CLIENTE,CD_USU_CREA,CD_USU_MODI,FH_CREACION,FH_MODIFICACION,NB_MASK) values ('9741','24','A','487','494','SOL0|A30',null,'ArialBold9','0','T',null,null,null,null,null,null,null,null,null);
Insert into APDIGB.TBG004_ITEM (CD_ITEM,CD_SECCION,ST_ACTIVO,NU_COOR_X,NU_COOR_Y,NB_NOMBRE_VAR,NB_VALOR_VAR,NB_FUENTE,NU_ALINEAR,CH_TIPO,NU_ANCHO,NU_SC_X,NU_SC_Y,NU_IDX_CLIENTE,CD_USU_CREA,CD_USU_MODI,FH_CREACION,FH_MODIFICACION,NB_MASK) values ('9742','24','A','526','494','SOL0|A31',null,'ArialBold9','0','T',null,null,null,null,null,null,null,null,null);
Insert into APDIGB.TBG004_ITEM (CD_ITEM,CD_SECCION,ST_ACTIVO,NU_COOR_X,NU_COOR_Y,NB_NOMBRE_VAR,NB_VALOR_VAR,NB_FUENTE,NU_ALINEAR,CH_TIPO,NU_ANCHO,NU_SC_X,NU_SC_Y,NU_IDX_CLIENTE,CD_USU_CREA,CD_USU_MODI,FH_CREACION,FH_MODIFICACION,NB_MASK) values ('9743','24','A','30','375','SOL0|A56',null,'ArialBold9','0','T',null,null,null,null,null,null,null,null,null);
Insert into APDIGB.TBG004_ITEM (CD_ITEM,CD_SECCION,ST_ACTIVO,NU_COOR_X,NU_COOR_Y,NB_NOMBRE_VAR,NB_VALOR_VAR,NB_FUENTE,NU_ALINEAR,CH_TIPO,NU_ANCHO,NU_SC_X,NU_SC_Y,NU_IDX_CLIENTE,CD_USU_CREA,CD_USU_MODI,FH_CREACION,FH_MODIFICACION,NB_MASK) values ('9744','24','A','30','353','SOL0|A57',null,'ArialBold9','0','T',null,null,null,null,null,null,null,null,null);
Insert into APDIGB.TBG004_ITEM (CD_ITEM,CD_SECCION,ST_ACTIVO,NU_COOR_X,NU_COOR_Y,NB_NOMBRE_VAR,NB_VALOR_VAR,NB_FUENTE,NU_ALINEAR,CH_TIPO,NU_ANCHO,NU_SC_X,NU_SC_Y,NU_IDX_CLIENTE,CD_USU_CREA,CD_USU_MODI,FH_CREACION,FH_MODIFICACION,NB_MASK) values ('9745','24','A','30','333','SOL0|A58',null,'ArialBold9','0','T',null,null,null,null,null,null,null,null,null);
Insert into APDIGB.TBG004_ITEM (CD_ITEM,CD_SECCION,ST_ACTIVO,NU_COOR_X,NU_COOR_Y,NB_NOMBRE_VAR,NB_VALOR_VAR,NB_FUENTE,NU_ALINEAR,CH_TIPO,NU_ANCHO,NU_SC_X,NU_SC_Y,NU_IDX_CLIENTE,CD_USU_CREA,CD_USU_MODI,FH_CREACION,FH_MODIFICACION,NB_MASK) values ('9746','24','A','30','312','SOL0|A59',null,'ArialBold9','0','T',null,null,null,null,null,null,null,null,null);
Insert into APDIGB.TBG004_ITEM (CD_ITEM,CD_SECCION,ST_ACTIVO,NU_COOR_X,NU_COOR_Y,NB_NOMBRE_VAR,NB_VALOR_VAR,NB_FUENTE,NU_ALINEAR,CH_TIPO,NU_ANCHO,NU_SC_X,NU_SC_Y,NU_IDX_CLIENTE,CD_USU_CREA,CD_USU_MODI,FH_CREACION,FH_MODIFICACION,NB_MASK) values ('9747','24','A','280','339','SOL0|A61',null,'ArialBold9','0','T',null,null,null,null,null,null,null,null,null);
Insert into APDIGB.TBG004_ITEM (CD_ITEM,CD_SECCION,ST_ACTIVO,NU_COOR_X,NU_COOR_Y,NB_NOMBRE_VAR,NB_VALOR_VAR,NB_FUENTE,NU_ALINEAR,CH_TIPO,NU_ANCHO,NU_SC_X,NU_SC_Y,NU_IDX_CLIENTE,CD_USU_CREA,CD_USU_MODI,FH_CREACION,FH_MODIFICACION,NB_MASK) values ('9748','24','A','33','131','SOL0|A63',null,'ArialBold9','0','T',null,null,null,null,null,null,null,null,null);
Insert into APDIGB.TBG004_ITEM (CD_ITEM,CD_SECCION,ST_ACTIVO,NU_COOR_X,NU_COOR_Y,NB_NOMBRE_VAR,NB_VALOR_VAR,NB_FUENTE,NU_ALINEAR,CH_TIPO,NU_ANCHO,NU_SC_X,NU_SC_Y,NU_IDX_CLIENTE,CD_USU_CREA,CD_USU_MODI,FH_CREACION,FH_MODIFICACION,NB_MASK) values ('9749','24','A','33','109','SOL0|A64',null,'ArialBold9','0','T',null,null,null,null,null,null,null,null,null);
Insert into APDIGB.TBG004_ITEM (CD_ITEM,CD_SECCION,ST_ACTIVO,NU_COOR_X,NU_COOR_Y,NB_NOMBRE_VAR,NB_VALOR_VAR,NB_FUENTE,NU_ALINEAR,CH_TIPO,NU_ANCHO,NU_SC_X,NU_SC_Y,NU_IDX_CLIENTE,CD_USU_CREA,CD_USU_MODI,FH_CREACION,FH_MODIFICACION,NB_MASK) values ('9750','25','A','227','533','huella',null,null,'0','I','130','57','75','0',null,null,null,null,null);

Insert into APDIGB.TBG005_FLAG (CD_FLAG,NB_CONDICION_NOMBRE,NB_CONDICION_VALOR,NU_ORDEN,CD_USU_CREA,CD_USU_MODI,FH_CREACION,FH_MODIFICACION,CH_TIPO) values ('11','CTR0|P18','I','1',null,null,null,null,'E');
Insert into APDIGB.TBG005_FLAG (CD_FLAG,NB_CONDICION_NOMBRE,NB_CONDICION_VALOR,NU_ORDEN,CD_USU_CREA,CD_USU_MODI,FH_CREACION,FH_MODIFICACION,CH_TIPO) values ('12','CTR0|P15','1','1',null,null,null,null,'E');
Insert into APDIGB.TBG005_FLAG (CD_FLAG,NB_CONDICION_NOMBRE,NB_CONDICION_VALOR,NU_ORDEN,CD_USU_CREA,CD_USU_MODI,FH_CREACION,FH_MODIFICACION,CH_TIPO) values ('1','CTR0|P19','S','1',null,null,null,null,'T');
Insert into APDIGB.TBG005_FLAG (CD_FLAG,NB_CONDICION_NOMBRE,NB_CONDICION_VALOR,NU_ORDEN,CD_USU_CREA,CD_USU_MODI,FH_CREACION,FH_MODIFICACION,CH_TIPO) values ('2','CTR0|P19','N','1',null,null,null,null,'T');
Insert into APDIGB.TBG005_FLAG (CD_FLAG,NB_CONDICION_NOMBRE,NB_CONDICION_VALOR,NU_ORDEN,CD_USU_CREA,CD_USU_MODI,FH_CREACION,FH_MODIFICACION,CH_TIPO) values ('3','CTR0|P15','1','1',null,null,null,null,'T');
Insert into APDIGB.TBG005_FLAG (CD_FLAG,NB_CONDICION_NOMBRE,NB_CONDICION_VALOR,NU_ORDEN,CD_USU_CREA,CD_USU_MODI,FH_CREACION,FH_MODIFICACION,CH_TIPO) values ('5','CTR0|P15','2','1',null,null,null,null,'T');
Insert into APDIGB.TBG005_FLAG (CD_FLAG,NB_CONDICION_NOMBRE,NB_CONDICION_VALOR,NU_ORDEN,CD_USU_CREA,CD_USU_MODI,FH_CREACION,FH_MODIFICACION,CH_TIPO) values ('6','CTR0|P15','3','1',null,null,null,null,'T');
Insert into APDIGB.TBG005_FLAG (CD_FLAG,NB_CONDICION_NOMBRE,NB_CONDICION_VALOR,NU_ORDEN,CD_USU_CREA,CD_USU_MODI,FH_CREACION,FH_MODIFICACION,CH_TIPO) values ('4','CTR0|P18','I','1',null,null,null,null,'T');
Insert into APDIGB.TBG005_FLAG (CD_FLAG,NB_CONDICION_NOMBRE,NB_CONDICION_VALOR,NU_ORDEN,CD_USU_CREA,CD_USU_MODI,FH_CREACION,FH_MODIFICACION,CH_TIPO) values ('7','CTR0|P13','S','1',null,null,null,null,'T');
Insert into APDIGB.TBG005_FLAG (CD_FLAG,NB_CONDICION_NOMBRE,NB_CONDICION_VALOR,NU_ORDEN,CD_USU_CREA,CD_USU_MODI,FH_CREACION,FH_MODIFICACION,CH_TIPO) values ('8','CTR0|P13','N','1',null,null,null,null,'T');
Insert into APDIGB.TBG005_FLAG (CD_FLAG,NB_CONDICION_NOMBRE,NB_CONDICION_VALOR,NU_ORDEN,CD_USU_CREA,CD_USU_MODI,FH_CREACION,FH_MODIFICACION,CH_TIPO) values ('9','CTR0|P15','0','1',null,null,null,null,'T');
Insert into APDIGB.TBG005_FLAG (CD_FLAG,NB_CONDICION_NOMBRE,NB_CONDICION_VALOR,NU_ORDEN,CD_USU_CREA,CD_USU_MODI,FH_CREACION,FH_MODIFICACION,CH_TIPO) values ('10','CTR0|P18','I','2',null,null,null,null,'T');

Insert into APDIGB.TBG006_FLAG_PLANTILLA (CD_FLAG,CD_PLANTILLA,ST_VALOR,ST_ACTIVO,CD_USU_CREA,CD_USU_MODI,FH_CREACION,FH_MODIFICACION) values ('1','3','A','A',null,null,null,null);
Insert into APDIGB.TBG006_FLAG_PLANTILLA (CD_FLAG,CD_PLANTILLA,ST_VALOR,ST_ACTIVO,CD_USU_CREA,CD_USU_MODI,FH_CREACION,FH_MODIFICACION) values ('2','4','A','A',null,null,null,null);
Insert into APDIGB.TBG006_FLAG_PLANTILLA (CD_FLAG,CD_PLANTILLA,ST_VALOR,ST_ACTIVO,CD_USU_CREA,CD_USU_MODI,FH_CREACION,FH_MODIFICACION) values ('3','5','A','A',null,null,null,null);
Insert into APDIGB.TBG006_FLAG_PLANTILLA (CD_FLAG,CD_PLANTILLA,ST_VALOR,ST_ACTIVO,CD_USU_CREA,CD_USU_MODI,FH_CREACION,FH_MODIFICACION) values ('3','6','A','A',null,null,null,null);
Insert into APDIGB.TBG006_FLAG_PLANTILLA (CD_FLAG,CD_PLANTILLA,ST_VALOR,ST_ACTIVO,CD_USU_CREA,CD_USU_MODI,FH_CREACION,FH_MODIFICACION) values ('3','7','A','A',null,null,null,null);
Insert into APDIGB.TBG006_FLAG_PLANTILLA (CD_FLAG,CD_PLANTILLA,ST_VALOR,ST_ACTIVO,CD_USU_CREA,CD_USU_MODI,FH_CREACION,FH_MODIFICACION) values ('5','5','A','I',null,null,null,null);
Insert into APDIGB.TBG006_FLAG_PLANTILLA (CD_FLAG,CD_PLANTILLA,ST_VALOR,ST_ACTIVO,CD_USU_CREA,CD_USU_MODI,FH_CREACION,FH_MODIFICACION) values ('5','6','A','I',null,null,null,null);
Insert into APDIGB.TBG006_FLAG_PLANTILLA (CD_FLAG,CD_PLANTILLA,ST_VALOR,ST_ACTIVO,CD_USU_CREA,CD_USU_MODI,FH_CREACION,FH_MODIFICACION) values ('5','7','A','I',null,null,null,null);
Insert into APDIGB.TBG006_FLAG_PLANTILLA (CD_FLAG,CD_PLANTILLA,ST_VALOR,ST_ACTIVO,CD_USU_CREA,CD_USU_MODI,FH_CREACION,FH_MODIFICACION) values ('6','5','A','I',null,null,null,null);
Insert into APDIGB.TBG006_FLAG_PLANTILLA (CD_FLAG,CD_PLANTILLA,ST_VALOR,ST_ACTIVO,CD_USU_CREA,CD_USU_MODI,FH_CREACION,FH_MODIFICACION) values ('6','6','A','I',null,null,null,null);
Insert into APDIGB.TBG006_FLAG_PLANTILLA (CD_FLAG,CD_PLANTILLA,ST_VALOR,ST_ACTIVO,CD_USU_CREA,CD_USU_MODI,FH_CREACION,FH_MODIFICACION) values ('6','7','A','I',null,null,null,null);
Insert into APDIGB.TBG006_FLAG_PLANTILLA (CD_FLAG,CD_PLANTILLA,ST_VALOR,ST_ACTIVO,CD_USU_CREA,CD_USU_MODI,FH_CREACION,FH_MODIFICACION) values ('4','10','A','A',null,null,null,null);
Insert into APDIGB.TBG006_FLAG_PLANTILLA (CD_FLAG,CD_PLANTILLA,ST_VALOR,ST_ACTIVO,CD_USU_CREA,CD_USU_MODI,FH_CREACION,FH_MODIFICACION) values ('7','18','A','A',null,null,null,null);
Insert into APDIGB.TBG006_FLAG_PLANTILLA (CD_FLAG,CD_PLANTILLA,ST_VALOR,ST_ACTIVO,CD_USU_CREA,CD_USU_MODI,FH_CREACION,FH_MODIFICACION) values ('3','24','B','A',null,null,null,null);
Insert into APDIGB.TBG006_FLAG_PLANTILLA (CD_FLAG,CD_PLANTILLA,ST_VALOR,ST_ACTIVO,CD_USU_CREA,CD_USU_MODI,FH_CREACION,FH_MODIFICACION) values ('8','24','B','A',null,null,null,null);
Insert into APDIGB.TBG006_FLAG_PLANTILLA (CD_FLAG,CD_PLANTILLA,ST_VALOR,ST_ACTIVO,CD_USU_CREA,CD_USU_MODI,FH_CREACION,FH_MODIFICACION) values ('10','24','B','A',null,null,null,null);
Insert into APDIGB.TBG006_FLAG_PLANTILLA (CD_FLAG,CD_PLANTILLA,ST_VALOR,ST_ACTIVO,CD_USU_CREA,CD_USU_MODI,FH_CREACION,FH_MODIFICACION) values ('5','24','C','I',null,null,null,null);
Insert into APDIGB.TBG006_FLAG_PLANTILLA (CD_FLAG,CD_PLANTILLA,ST_VALOR,ST_ACTIVO,CD_USU_CREA,CD_USU_MODI,FH_CREACION,FH_MODIFICACION) values ('10','24','C','A',null,null,null,null);
Insert into APDIGB.TBG006_FLAG_PLANTILLA (CD_FLAG,CD_PLANTILLA,ST_VALOR,ST_ACTIVO,CD_USU_CREA,CD_USU_MODI,FH_CREACION,FH_MODIFICACION) values ('8','24','C','A',null,null,null,null);
Insert into APDIGB.TBG006_FLAG_PLANTILLA (CD_FLAG,CD_PLANTILLA,ST_VALOR,ST_ACTIVO,CD_USU_CREA,CD_USU_MODI,FH_CREACION,FH_MODIFICACION) values ('6','24','D','I',null,null,null,null);
Insert into APDIGB.TBG006_FLAG_PLANTILLA (CD_FLAG,CD_PLANTILLA,ST_VALOR,ST_ACTIVO,CD_USU_CREA,CD_USU_MODI,FH_CREACION,FH_MODIFICACION) values ('8','24','D','A',null,null,null,null);
Insert into APDIGB.TBG006_FLAG_PLANTILLA (CD_FLAG,CD_PLANTILLA,ST_VALOR,ST_ACTIVO,CD_USU_CREA,CD_USU_MODI,FH_CREACION,FH_MODIFICACION) values ('10','24','D','A',null,null,null,null);
Insert into APDIGB.TBG006_FLAG_PLANTILLA (CD_FLAG,CD_PLANTILLA,ST_VALOR,ST_ACTIVO,CD_USU_CREA,CD_USU_MODI,FH_CREACION,FH_MODIFICACION) values ('9','19','E','I',null,null,null,null);
Insert into APDIGB.TBG006_FLAG_PLANTILLA (CD_FLAG,CD_PLANTILLA,ST_VALOR,ST_ACTIVO,CD_USU_CREA,CD_USU_MODI,FH_CREACION,FH_MODIFICACION) values ('4','19','E','A',null,null,null,null);
Insert into APDIGB.TBG006_FLAG_PLANTILLA (CD_FLAG,CD_PLANTILLA,ST_VALOR,ST_ACTIVO,CD_USU_CREA,CD_USU_MODI,FH_CREACION,FH_MODIFICACION) values ('8','19','E','A',null,null,null,null);
Insert into APDIGB.TBG006_FLAG_PLANTILLA (CD_FLAG,CD_PLANTILLA,ST_VALOR,ST_ACTIVO,CD_USU_CREA,CD_USU_MODI,FH_CREACION,FH_MODIFICACION) values ('3','21','F','A',null,null,null,null);
Insert into APDIGB.TBG006_FLAG_PLANTILLA (CD_FLAG,CD_PLANTILLA,ST_VALOR,ST_ACTIVO,CD_USU_CREA,CD_USU_MODI,FH_CREACION,FH_MODIFICACION) values ('4','21','F','A',null,null,null,null);
Insert into APDIGB.TBG006_FLAG_PLANTILLA (CD_FLAG,CD_PLANTILLA,ST_VALOR,ST_ACTIVO,CD_USU_CREA,CD_USU_MODI,FH_CREACION,FH_MODIFICACION) values ('8','21','F','A',null,null,null,null);
Insert into APDIGB.TBG006_FLAG_PLANTILLA (CD_FLAG,CD_PLANTILLA,ST_VALOR,ST_ACTIVO,CD_USU_CREA,CD_USU_MODI,FH_CREACION,FH_MODIFICACION) values ('5','21','G','I',null,null,null,null);
Insert into APDIGB.TBG006_FLAG_PLANTILLA (CD_FLAG,CD_PLANTILLA,ST_VALOR,ST_ACTIVO,CD_USU_CREA,CD_USU_MODI,FH_CREACION,FH_MODIFICACION) values ('4','21','G','A',null,null,null,null);
Insert into APDIGB.TBG006_FLAG_PLANTILLA (CD_FLAG,CD_PLANTILLA,ST_VALOR,ST_ACTIVO,CD_USU_CREA,CD_USU_MODI,FH_CREACION,FH_MODIFICACION) values ('8','21','G','A',null,null,null,null);
Insert into APDIGB.TBG006_FLAG_PLANTILLA (CD_FLAG,CD_PLANTILLA,ST_VALOR,ST_ACTIVO,CD_USU_CREA,CD_USU_MODI,FH_CREACION,FH_MODIFICACION) values ('6','21','H','I',null,null,null,null);
Insert into APDIGB.TBG006_FLAG_PLANTILLA (CD_FLAG,CD_PLANTILLA,ST_VALOR,ST_ACTIVO,CD_USU_CREA,CD_USU_MODI,FH_CREACION,FH_MODIFICACION) values ('4','21','H','A',null,null,null,null);
Insert into APDIGB.TBG006_FLAG_PLANTILLA (CD_FLAG,CD_PLANTILLA,ST_VALOR,ST_ACTIVO,CD_USU_CREA,CD_USU_MODI,FH_CREACION,FH_MODIFICACION) values ('8','21','H','A',null,null,null,null);
Insert into APDIGB.TBG006_FLAG_PLANTILLA (CD_FLAG,CD_PLANTILLA,ST_VALOR,ST_ACTIVO,CD_USU_CREA,CD_USU_MODI,FH_CREACION,FH_MODIFICACION) values ('9','23','I','I',null,null,null,null);
Insert into APDIGB.TBG006_FLAG_PLANTILLA (CD_FLAG,CD_PLANTILLA,ST_VALOR,ST_ACTIVO,CD_USU_CREA,CD_USU_MODI,FH_CREACION,FH_MODIFICACION) values ('10','23','I','A',null,null,null,null);
Insert into APDIGB.TBG006_FLAG_PLANTILLA (CD_FLAG,CD_PLANTILLA,ST_VALOR,ST_ACTIVO,CD_USU_CREA,CD_USU_MODI,FH_CREACION,FH_MODIFICACION) values ('7','23','I','A',null,null,null,null);
Insert into APDIGB.TBG006_FLAG_PLANTILLA (CD_FLAG,CD_PLANTILLA,ST_VALOR,ST_ACTIVO,CD_USU_CREA,CD_USU_MODI,FH_CREACION,FH_MODIFICACION) values ('3','25','J','A',null,null,null,null);
Insert into APDIGB.TBG006_FLAG_PLANTILLA (CD_FLAG,CD_PLANTILLA,ST_VALOR,ST_ACTIVO,CD_USU_CREA,CD_USU_MODI,FH_CREACION,FH_MODIFICACION) values ('7','25','J','A',null,null,null,null);
Insert into APDIGB.TBG006_FLAG_PLANTILLA (CD_FLAG,CD_PLANTILLA,ST_VALOR,ST_ACTIVO,CD_USU_CREA,CD_USU_MODI,FH_CREACION,FH_MODIFICACION) values ('10','25','J','A',null,null,null,null);
Insert into APDIGB.TBG006_FLAG_PLANTILLA (CD_FLAG,CD_PLANTILLA,ST_VALOR,ST_ACTIVO,CD_USU_CREA,CD_USU_MODI,FH_CREACION,FH_MODIFICACION) values ('5','25','K','I',null,null,null,null);
Insert into APDIGB.TBG006_FLAG_PLANTILLA (CD_FLAG,CD_PLANTILLA,ST_VALOR,ST_ACTIVO,CD_USU_CREA,CD_USU_MODI,FH_CREACION,FH_MODIFICACION) values ('7','25','K','A',null,null,null,null);
Insert into APDIGB.TBG006_FLAG_PLANTILLA (CD_FLAG,CD_PLANTILLA,ST_VALOR,ST_ACTIVO,CD_USU_CREA,CD_USU_MODI,FH_CREACION,FH_MODIFICACION) values ('10','25','K','A',null,null,null,null);
Insert into APDIGB.TBG006_FLAG_PLANTILLA (CD_FLAG,CD_PLANTILLA,ST_VALOR,ST_ACTIVO,CD_USU_CREA,CD_USU_MODI,FH_CREACION,FH_MODIFICACION) values ('6','25','L','I',null,null,null,null);
Insert into APDIGB.TBG006_FLAG_PLANTILLA (CD_FLAG,CD_PLANTILLA,ST_VALOR,ST_ACTIVO,CD_USU_CREA,CD_USU_MODI,FH_CREACION,FH_MODIFICACION) values ('7','25','L','A',null,null,null,null);
Insert into APDIGB.TBG006_FLAG_PLANTILLA (CD_FLAG,CD_PLANTILLA,ST_VALOR,ST_ACTIVO,CD_USU_CREA,CD_USU_MODI,FH_CREACION,FH_MODIFICACION) values ('10','25','L','A',null,null,null,null);
Insert into APDIGB.TBG006_FLAG_PLANTILLA (CD_FLAG,CD_PLANTILLA,ST_VALOR,ST_ACTIVO,CD_USU_CREA,CD_USU_MODI,FH_CREACION,FH_MODIFICACION) values ('3','22','M','A',null,null,null,null);
Insert into APDIGB.TBG006_FLAG_PLANTILLA (CD_FLAG,CD_PLANTILLA,ST_VALOR,ST_ACTIVO,CD_USU_CREA,CD_USU_MODI,FH_CREACION,FH_MODIFICACION) values ('7','22','M','A',null,null,null,null);
Insert into APDIGB.TBG006_FLAG_PLANTILLA (CD_FLAG,CD_PLANTILLA,ST_VALOR,ST_ACTIVO,CD_USU_CREA,CD_USU_MODI,FH_CREACION,FH_MODIFICACION) values ('4','22','M','A',null,null,null,null);
Insert into APDIGB.TBG006_FLAG_PLANTILLA (CD_FLAG,CD_PLANTILLA,ST_VALOR,ST_ACTIVO,CD_USU_CREA,CD_USU_MODI,FH_CREACION,FH_MODIFICACION) values ('5','22','N','I',null,null,null,null);
Insert into APDIGB.TBG006_FLAG_PLANTILLA (CD_FLAG,CD_PLANTILLA,ST_VALOR,ST_ACTIVO,CD_USU_CREA,CD_USU_MODI,FH_CREACION,FH_MODIFICACION) values ('7','22','N','A',null,null,null,null);
Insert into APDIGB.TBG006_FLAG_PLANTILLA (CD_FLAG,CD_PLANTILLA,ST_VALOR,ST_ACTIVO,CD_USU_CREA,CD_USU_MODI,FH_CREACION,FH_MODIFICACION) values ('4','22','N','A',null,null,null,null);
Insert into APDIGB.TBG006_FLAG_PLANTILLA (CD_FLAG,CD_PLANTILLA,ST_VALOR,ST_ACTIVO,CD_USU_CREA,CD_USU_MODI,FH_CREACION,FH_MODIFICACION) values ('6','22','O','I',null,null,null,null);
Insert into APDIGB.TBG006_FLAG_PLANTILLA (CD_FLAG,CD_PLANTILLA,ST_VALOR,ST_ACTIVO,CD_USU_CREA,CD_USU_MODI,FH_CREACION,FH_MODIFICACION) values ('7','22','O','A',null,null,null,null);
Insert into APDIGB.TBG006_FLAG_PLANTILLA (CD_FLAG,CD_PLANTILLA,ST_VALOR,ST_ACTIVO,CD_USU_CREA,CD_USU_MODI,FH_CREACION,FH_MODIFICACION) values ('4','22','O','A',null,null,null,null);
Insert into APDIGB.TBG006_FLAG_PLANTILLA (CD_FLAG,CD_PLANTILLA,ST_VALOR,ST_ACTIVO,CD_USU_CREA,CD_USU_MODI,FH_CREACION,FH_MODIFICACION) values ('9','20','P','I',null,null,null,null);
Insert into APDIGB.TBG006_FLAG_PLANTILLA (CD_FLAG,CD_PLANTILLA,ST_VALOR,ST_ACTIVO,CD_USU_CREA,CD_USU_MODI,FH_CREACION,FH_MODIFICACION) values ('4','20','P','A',null,null,null,null);
Insert into APDIGB.TBG006_FLAG_PLANTILLA (CD_FLAG,CD_PLANTILLA,ST_VALOR,ST_ACTIVO,CD_USU_CREA,CD_USU_MODI,FH_CREACION,FH_MODIFICACION) values ('7','20','P','A',null,null,null,null);

Insert into APDIGB.TBG007_ITEM_IMG (CD_ITEM,CD_USU_CREA,CD_USU_MODI,FH_CREACION,FH_MODIFICACION) values ('1',null,null,null,null);
Insert into APDIGB.TBG007_ITEM_IMG (CD_ITEM,CD_USU_CREA,CD_USU_MODI,FH_CREACION,FH_MODIFICACION) values ('2',null,null,null,null);
