/*
DELETE FROM APDIGB.TBG006_FLAG_PLANTILLA;
DELETE FROM APDIGB.TBG005_FLAG;
DELETE FROM APDIGB.TBG004_ITEM;
DELETE FROM APDIGB.TBG003_SECCION;
DELETE FROM APDIGB.TBG001_KIT_PLANTILLA;
DELETE FROM APDIGB.TBG002_PLANTILLA;
DELETE FROM APDIGB.TBG000_KIT;
*/
DECLARE
  type kit_array IS VARRAY(9) OF VARCHAR2(10);
  type tct_array IS VARRAY(9) OF INTEGER;
  type tpl_array IS VARRAY(16) OF INTEGER;
  kits kit_array;
  tpls tpl_array;
  tcts tct_array;
  
  PROCEDURE n_tpl(
          cdPlantilla     APDIGB.TBG002_PLANTILLA.CD_PLANTILLA%TYPE,
          stActivo        APDIGB.TBG002_PLANTILLA.ST_ACTIVO%TYPE,
				  stCondicion     APDIGB.TBG002_PLANTILLA.ST_CONDICION%TYPE,
				  nbNombreCorreo  APDIGB.TBG002_PLANTILLA.NB_NOMBRE_CORREO%TYPE,
				  nbTipoFileunico APDIGB.TBG002_PLANTILLA.NB_TIPO_FILEUNICO%TYPE,
				  nbNombreFormato APDIGB.TBG002_PLANTILLA.NB_NOMBRE_FORMATO%TYPE,
				  stFileunico     APDIGB.TBG002_PLANTILLA.ST_FILEUNICO%TYPE,
				  stEnvCorreo     APDIGB.TBG002_PLANTILLA.ST_ENV_CORREO%TYPE,
				  stTipoConstr    APDIGB.TBG002_PLANTILLA.ST_TIPO_CONSTR%TYPE,
				  stSigned        APDIGB.TBG002_PLANTILLA.ST_TIPO_CONSTR%TYPE) IS
  BEGIN
    INSERT INTO APDIGB.TBG002_PLANTILLA(CD_PLANTILLA,ST_ACTIVO,ST_CONDICION,NB_NOMBRE_CORREO,NB_TIPO_FILEUNICO,NB_NOMBRE_FORMATO,ST_FILEUNICO,ST_ENV_CORREO,ST_TIPO_CONSTR,ST_SIGNED) 
    VALUES(cdPlantilla,stActivo,stCondicion,nbNombreCorreo,nbTipoFileunico,nbNombreFormato,stFileunico,stEnvCorreo,stTipoConstr,stSigned);
  END;
  
BEGIN
  
  INSERT INTO APDIGB.TBG000_KIT(CD_KIT,NB_CORREO_ASUNTO) VALUES('020009','¡Bienvenido(a) ${CTR0|G01} (${CTR0|P05})!');--ganadora
  INSERT INTO APDIGB.TBG000_KIT(CD_KIT,NB_CORREO_ASUNTO) VALUES('020008','¡Bienvenido(a) ${CTR0|G01} (${CTR0|P05})!');--contiahorro euros
  INSERT INTO APDIGB.TBG000_KIT(CD_KIT,NB_CORREO_ASUNTO) VALUES('020037','¡Bienvenido(a) ${CTR0|G01} (${CTR0|P05})!');--asociada a prestamos
  INSERT INTO APDIGB.TBG000_KIT(CD_KIT,NB_CORREO_ASUNTO) VALUES('020043','¡Bienvenido(a) ${CTR0|G01} (${CTR0|P05})!');--remesas
  INSERT INTO APDIGB.TBG000_KIT(CD_KIT,NB_CORREO_ASUNTO) VALUES('020046','¡Bienvenido(a) ${CTR0|G01} (${CTR0|P05})!');--sueldo
  INSERT INTO APDIGB.TBG000_KIT(CD_KIT,NB_CORREO_ASUNTO) VALUES('020049','¡Bienvenido(a) ${CTR0|G01} (${CTR0|P05})!');--independencia
  INSERT INTO APDIGB.TBG000_KIT(CD_KIT,NB_CORREO_ASUNTO) VALUES('020088','¡Bienvenido(a) ${CTR0|G01} (${CTR0|P05})!');--facil
  INSERT INTO APDIGB.TBG000_KIT(CD_KIT,NB_CORREO_ASUNTO) VALUES('020092','¡Bienvenido(a) ${CTR0|G01} (${CTR0|P05})!');--vivienda
  INSERT INTO APDIGB.TBG000_KIT(CD_KIT,NB_CORREO_ASUNTO) VALUES('020109','¡Bienvenido(a) ${CTR0|G01} (${CTR0|P05})!');--senior
  
  --COMMIT;
  
  
  
  n_tpl('1','A','F','BG351 - CONTRATO CUENTA GANADORA','0002','BG351_Ganadora','A','A','P','A');
  n_tpl('2','A','F','E3261 - CLAUSULAS GENERALES? DE CONTRATACIÓN','0002','clau_general','A','A','P','A');
  n_tpl('3','A','V','BG871 - APERTURA DE CUENTA DE AHORROS PER. NATURAL','0005','BG871_APERTURA_CUENTA_NUEVO','A','A','P','A');
  n_tpl('4','A','V','BG871 - APERTURA DE CUENTA DE AHORROS PER. NATURAL','0005','BG871_APERTURA_CUENTA','A','A','P','A');
  n_tpl('5','A','V','Auto-declaración de Personas Naturales - PE001','0013','E0600_FATCA_FORM_AUTO_CERT_PN','A','A','P','A');
  n_tpl('6','A','V','Declaración de Conocimiento y Autorización - Waiver - PE011','0013','E0601_FATCA_WAIVER','A','A','P','A');
  n_tpl('7','A','V','Declaración Jurada Simple de Renuncia a la Nacionalidad Estadounidense - E0605','0013','E0605_FATCA_DJ_RNC_NAC_EEUU','A','A','P','A');
  n_tpl('8','A','F','BG461 - CONTRATO CUENTA SUELDO','0002','BG461_Sueldo','A','A','P','A');
  n_tpl('9','A','F','RBA','0000','DICTAMEN_RBA_LINE','A','I','P','A');
  n_tpl('10','A','V','E3362 - Declaración de Actividad Económica','0233','DAE_RBA','I','A','P','A');
  n_tpl('11','A','F','BG111 - CONTRATO AHORRO VIVIENDA','0002','BG111_Ahorro_Vivienda','A','A','P','A');
  n_tpl('12','A','F','BG151 - CONTRATO CUENTA FACIL','0002','BG151_Facil','A','A','P','A');
  n_tpl('13','A','F','BG451 - CONTRATO CUENTA REMESAS','0002','BG451_Remesas','A','A','P','A');
  n_tpl('14','A','F','BG511 - CONTRATO CONTIAHORRO EUROS','0002','BG511_Contiahorro_Euros','A','A','P','A');
  n_tpl('15','A','F','BG971 - CONTRATO CUENTA ASOCIADA A PRESTAMOS','0002','BG971_Asociada_Prestamos','A','A','P','A');
  n_tpl('16','A','F','BGB81 - CONTRATO CUENTA INDEPENDENCIA','0002','BGB81_Independencia','A','A','P','A');
  n_tpl('17','A','F','BGC41 - CONTRATO ?CUENTA SENIOR','0002','BGC41_Senior','A','A','P','A');
  n_tpl('18','A','V','E2862 - Formulario Familiares PEP y Vinculados','0004','E3362','A','A','P','A');
  n_tpl('19','A','V','Indicaciones','0000','Indicaciones_1','A','A','P','A');
  n_tpl('20','A','V','Indicaciones','0000','Indicaciones_2','A','A','P','A');
  n_tpl('21','A','V','Indicaciones','0000','Indicaciones_3','A','A','P','A');
  n_tpl('22','A','V','Indicaciones','0000','Indicaciones_4','A','A','P','A');
  n_tpl('23','A','V','Indicaciones','0000','Indicaciones_5','A','A','P','A');
  n_tpl('24','A','V','Indicaciones','0000','Indicaciones_6','A','A','P','A');
  n_tpl('25','A','V','Indicaciones','0000','Indicaciones_7','A','A','P','A');

  --COMMIT;

  kits := kit_array('020009','020008','020037','020043','020046','020049','020088','020092','020109');
  tcts := tct_array(1       ,14      ,15      ,13      ,8       ,16      ,12      ,11      ,17      );
  tpls := tpl_array(2,3,4,5,6,7,9,10,18,19,20,21,22,23,24,25);
  
  FOR i in 1 .. kits.count LOOP
    INSERT INTO APDIGB.TBG001_KIT_PLANTILLA(CD_KIT,CD_PLANTILLA) VALUES(kits(i),tcts(i));
    FOR j in 1 .. tpls.count LOOP
      INSERT INTO APDIGB.TBG001_KIT_PLANTILLA(CD_KIT,CD_PLANTILLA) VALUES(kits(i),tpls(j));
    END LOOP;
  END LOOP;
  
  UPDATE APDIGB.TBG000_KIT SET NB_CORREO_ASUNTO = '!Bienvenido(a) ${CTR0|G01} (${CTR0|P05})!';
  
  COMMIT;
  
  --conf de flags
  INSERT INTO APDIGB.TBG005_FLAG(CD_FLAG,NB_CONDICION_NOMBRE,NB_CONDICION_VALOR,NU_ORDEN) VALUES(1,'CTR0|P19','S',1);--Cliente Nuevo  
  INSERT INTO APDIGB.TBG005_FLAG(CD_FLAG,NB_CONDICION_NOMBRE,NB_CONDICION_VALOR,NU_ORDEN) VALUES(2,'CTR0|P19','N',1);--Cliente no Nuevo
  INSERT INTO APDIGB.TBG005_FLAG(CD_FLAG,NB_CONDICION_NOMBRE,NB_CONDICION_VALOR,NU_ORDEN) VALUES(3,'CTR0|P15','1',1);--FATCA
  INSERT INTO APDIGB.TBG005_FLAG(CD_FLAG,NB_CONDICION_NOMBRE,NB_CONDICION_VALOR,NU_ORDEN) VALUES(5,'CTR0|P15','2',1);--FATCA
  INSERT INTO APDIGB.TBG005_FLAG(CD_FLAG,NB_CONDICION_NOMBRE,NB_CONDICION_VALOR,NU_ORDEN) VALUES(6,'CTR0|P15','3',1);--FATCA
  INSERT INTO APDIGB.TBG005_FLAG(CD_FLAG,NB_CONDICION_NOMBRE,NB_CONDICION_VALOR,NU_ORDEN) VALUES(4,'CTR0|P18','I',1);--RBA_CASO_I
  INSERT INTO APDIGB.TBG005_FLAG(CD_FLAG,NB_CONDICION_NOMBRE,NB_CONDICION_VALOR,NU_ORDEN) VALUES(7,'CTR0|P14','S',1);--FAMILIAR/PEP
  INSERT INTO APDIGB.TBG005_FLAG(CD_FLAG,NB_CONDICION_NOMBRE,NB_CONDICION_VALOR,NU_ORDEN) VALUES(8,'CTR0|P14','N',1);--FAMILIAR/PEP
  INSERT INTO APDIGB.TBG005_FLAG(CD_FLAG,NB_CONDICION_NOMBRE,NB_CONDICION_VALOR,NU_ORDEN) VALUES(9,'CTR0|P15','0',1);--NO FATCA
  INSERT INTO APDIGB.TBG005_FLAG(CD_FLAG,NB_CONDICION_NOMBRE,NB_CONDICION_VALOR,NU_ORDEN) VALUES(10,'CTR0|P18','I',2);--NO RBA_CASO_I
  
  --delete from APDIGB.TBG006_FLAG_PLANTILLA;
  INSERT INTO APDIGB.TBG006_FLAG_PLANTILLA(CD_FLAG,CD_PLANTILLA,ST_VALOR,ST_ACTIVO) VALUES(1,3,'A','A');--BG871_nuevo
  INSERT INTO APDIGB.TBG006_FLAG_PLANTILLA(CD_FLAG,CD_PLANTILLA,ST_VALOR,ST_ACTIVO) VALUES(2,4,'A','A');--BG871_no_nuevo
  INSERT INTO APDIGB.TBG006_FLAG_PLANTILLA(CD_FLAG,CD_PLANTILLA,ST_VALOR,ST_ACTIVO) VALUES(3,5,'A','A');
  INSERT INTO APDIGB.TBG006_FLAG_PLANTILLA(CD_FLAG,CD_PLANTILLA,ST_VALOR,ST_ACTIVO) VALUES(3,6,'A','A');
  INSERT INTO APDIGB.TBG006_FLAG_PLANTILLA(CD_FLAG,CD_PLANTILLA,ST_VALOR,ST_ACTIVO) VALUES(3,7,'A','A');
  INSERT INTO APDIGB.TBG006_FLAG_PLANTILLA(CD_FLAG,CD_PLANTILLA,ST_VALOR,ST_ACTIVO) VALUES(5,5,'A','A');
  INSERT INTO APDIGB.TBG006_FLAG_PLANTILLA(CD_FLAG,CD_PLANTILLA,ST_VALOR,ST_ACTIVO) VALUES(5,6,'A','A');
  INSERT INTO APDIGB.TBG006_FLAG_PLANTILLA(CD_FLAG,CD_PLANTILLA,ST_VALOR,ST_ACTIVO) VALUES(5,7,'A','A');
  INSERT INTO APDIGB.TBG006_FLAG_PLANTILLA(CD_FLAG,CD_PLANTILLA,ST_VALOR,ST_ACTIVO) VALUES(6,5,'A','A');
  INSERT INTO APDIGB.TBG006_FLAG_PLANTILLA(CD_FLAG,CD_PLANTILLA,ST_VALOR,ST_ACTIVO) VALUES(6,6,'A','A');
  INSERT INTO APDIGB.TBG006_FLAG_PLANTILLA(CD_FLAG,CD_PLANTILLA,ST_VALOR,ST_ACTIVO) VALUES(6,7,'A','A');
  INSERT INTO APDIGB.TBG006_FLAG_PLANTILLA(CD_FLAG,CD_PLANTILLA,ST_VALOR,ST_ACTIVO) VALUES(4,10,'A','A');--BG871_nuevo
  INSERT INTO APDIGB.TBG006_FLAG_PLANTILLA(CD_FLAG,CD_PLANTILLA,ST_VALOR,ST_ACTIVO) VALUES(7,18,'A','A');--familiar PEP
  
  ------------------indicaciones------revisar excel de configuraciones
  INSERT INTO APDIGB.TBG006_FLAG_PLANTILLA(CD_FLAG,CD_PLANTILLA,ST_VALOR,ST_ACTIVO) VALUES(3,24,'B','A');
  INSERT INTO APDIGB.TBG006_FLAG_PLANTILLA(CD_FLAG,CD_PLANTILLA,ST_VALOR,ST_ACTIVO) VALUES(8,24,'B','A');
  INSERT INTO APDIGB.TBG006_FLAG_PLANTILLA(CD_FLAG,CD_PLANTILLA,ST_VALOR,ST_ACTIVO) VALUES(10,24,'B','A');
  INSERT INTO APDIGB.TBG006_FLAG_PLANTILLA(CD_FLAG,CD_PLANTILLA,ST_VALOR,ST_ACTIVO) VALUES(5,24,'C','A');
  INSERT INTO APDIGB.TBG006_FLAG_PLANTILLA(CD_FLAG,CD_PLANTILLA,ST_VALOR,ST_ACTIVO) VALUES(10,24,'C','A');
  INSERT INTO APDIGB.TBG006_FLAG_PLANTILLA(CD_FLAG,CD_PLANTILLA,ST_VALOR,ST_ACTIVO) VALUES(8,24,'C','A');
  INSERT INTO APDIGB.TBG006_FLAG_PLANTILLA(CD_FLAG,CD_PLANTILLA,ST_VALOR,ST_ACTIVO) VALUES(6,24,'D','A');
  INSERT INTO APDIGB.TBG006_FLAG_PLANTILLA(CD_FLAG,CD_PLANTILLA,ST_VALOR,ST_ACTIVO) VALUES(8,24,'D','A');
  INSERT INTO APDIGB.TBG006_FLAG_PLANTILLA(CD_FLAG,CD_PLANTILLA,ST_VALOR,ST_ACTIVO) VALUES(10,24,'D','A');
  INSERT INTO APDIGB.TBG006_FLAG_PLANTILLA(CD_FLAG,CD_PLANTILLA,ST_VALOR,ST_ACTIVO) VALUES(9,19,'E','A');
  INSERT INTO APDIGB.TBG006_FLAG_PLANTILLA(CD_FLAG,CD_PLANTILLA,ST_VALOR,ST_ACTIVO) VALUES(4,19,'E','A');
  INSERT INTO APDIGB.TBG006_FLAG_PLANTILLA(CD_FLAG,CD_PLANTILLA,ST_VALOR,ST_ACTIVO) VALUES(8,19,'E','A');
  INSERT INTO APDIGB.TBG006_FLAG_PLANTILLA(CD_FLAG,CD_PLANTILLA,ST_VALOR,ST_ACTIVO) VALUES(3,21,'F','A');
  INSERT INTO APDIGB.TBG006_FLAG_PLANTILLA(CD_FLAG,CD_PLANTILLA,ST_VALOR,ST_ACTIVO) VALUES(4,21,'F','A');
  INSERT INTO APDIGB.TBG006_FLAG_PLANTILLA(CD_FLAG,CD_PLANTILLA,ST_VALOR,ST_ACTIVO) VALUES(8,21,'F','A');
  INSERT INTO APDIGB.TBG006_FLAG_PLANTILLA(CD_FLAG,CD_PLANTILLA,ST_VALOR,ST_ACTIVO) VALUES(5,21,'G','A');
  INSERT INTO APDIGB.TBG006_FLAG_PLANTILLA(CD_FLAG,CD_PLANTILLA,ST_VALOR,ST_ACTIVO) VALUES(4,21,'G','A');
  INSERT INTO APDIGB.TBG006_FLAG_PLANTILLA(CD_FLAG,CD_PLANTILLA,ST_VALOR,ST_ACTIVO) VALUES(8,21,'G','A');
  INSERT INTO APDIGB.TBG006_FLAG_PLANTILLA(CD_FLAG,CD_PLANTILLA,ST_VALOR,ST_ACTIVO) VALUES(6,21,'H','A');
  INSERT INTO APDIGB.TBG006_FLAG_PLANTILLA(CD_FLAG,CD_PLANTILLA,ST_VALOR,ST_ACTIVO) VALUES(4,21,'H','A');
  INSERT INTO APDIGB.TBG006_FLAG_PLANTILLA(CD_FLAG,CD_PLANTILLA,ST_VALOR,ST_ACTIVO) VALUES(8,21,'H','A');
  INSERT INTO APDIGB.TBG006_FLAG_PLANTILLA(CD_FLAG,CD_PLANTILLA,ST_VALOR,ST_ACTIVO) VALUES(9,23,'I','A');
  INSERT INTO APDIGB.TBG006_FLAG_PLANTILLA(CD_FLAG,CD_PLANTILLA,ST_VALOR,ST_ACTIVO) VALUES(10,23,'I','A');
  INSERT INTO APDIGB.TBG006_FLAG_PLANTILLA(CD_FLAG,CD_PLANTILLA,ST_VALOR,ST_ACTIVO) VALUES(7,23,'I','A');
  INSERT INTO APDIGB.TBG006_FLAG_PLANTILLA(CD_FLAG,CD_PLANTILLA,ST_VALOR,ST_ACTIVO) VALUES(3,25,'J','A');
  INSERT INTO APDIGB.TBG006_FLAG_PLANTILLA(CD_FLAG,CD_PLANTILLA,ST_VALOR,ST_ACTIVO) VALUES(7,25,'J','A');
  INSERT INTO APDIGB.TBG006_FLAG_PLANTILLA(CD_FLAG,CD_PLANTILLA,ST_VALOR,ST_ACTIVO) VALUES(10,25,'J','A');
  INSERT INTO APDIGB.TBG006_FLAG_PLANTILLA(CD_FLAG,CD_PLANTILLA,ST_VALOR,ST_ACTIVO) VALUES(5,25,'K','A');
  INSERT INTO APDIGB.TBG006_FLAG_PLANTILLA(CD_FLAG,CD_PLANTILLA,ST_VALOR,ST_ACTIVO) VALUES(7,25,'K','A');
  INSERT INTO APDIGB.TBG006_FLAG_PLANTILLA(CD_FLAG,CD_PLANTILLA,ST_VALOR,ST_ACTIVO) VALUES(10,25,'K','A');
  INSERT INTO APDIGB.TBG006_FLAG_PLANTILLA(CD_FLAG,CD_PLANTILLA,ST_VALOR,ST_ACTIVO) VALUES(6,25,'L','A');
  INSERT INTO APDIGB.TBG006_FLAG_PLANTILLA(CD_FLAG,CD_PLANTILLA,ST_VALOR,ST_ACTIVO) VALUES(7,25,'L','A');
  INSERT INTO APDIGB.TBG006_FLAG_PLANTILLA(CD_FLAG,CD_PLANTILLA,ST_VALOR,ST_ACTIVO) VALUES(10,25,'L','A');
  INSERT INTO APDIGB.TBG006_FLAG_PLANTILLA(CD_FLAG,CD_PLANTILLA,ST_VALOR,ST_ACTIVO) VALUES(3,22,'M','A');
  INSERT INTO APDIGB.TBG006_FLAG_PLANTILLA(CD_FLAG,CD_PLANTILLA,ST_VALOR,ST_ACTIVO) VALUES(7,22,'M','A');
  INSERT INTO APDIGB.TBG006_FLAG_PLANTILLA(CD_FLAG,CD_PLANTILLA,ST_VALOR,ST_ACTIVO) VALUES(4,22,'M','A');
  INSERT INTO APDIGB.TBG006_FLAG_PLANTILLA(CD_FLAG,CD_PLANTILLA,ST_VALOR,ST_ACTIVO) VALUES(5,22,'N','A');
  INSERT INTO APDIGB.TBG006_FLAG_PLANTILLA(CD_FLAG,CD_PLANTILLA,ST_VALOR,ST_ACTIVO) VALUES(7,22,'N','A');
  INSERT INTO APDIGB.TBG006_FLAG_PLANTILLA(CD_FLAG,CD_PLANTILLA,ST_VALOR,ST_ACTIVO) VALUES(4,22,'N','A');
  INSERT INTO APDIGB.TBG006_FLAG_PLANTILLA(CD_FLAG,CD_PLANTILLA,ST_VALOR,ST_ACTIVO) VALUES(6,22,'O','A');
  INSERT INTO APDIGB.TBG006_FLAG_PLANTILLA(CD_FLAG,CD_PLANTILLA,ST_VALOR,ST_ACTIVO) VALUES(7,22,'O','A');
  INSERT INTO APDIGB.TBG006_FLAG_PLANTILLA(CD_FLAG,CD_PLANTILLA,ST_VALOR,ST_ACTIVO) VALUES(4,22,'O','A');
  INSERT INTO APDIGB.TBG006_FLAG_PLANTILLA(CD_FLAG,CD_PLANTILLA,ST_VALOR,ST_ACTIVO) VALUES(9,20,'P','A');
  INSERT INTO APDIGB.TBG006_FLAG_PLANTILLA(CD_FLAG,CD_PLANTILLA,ST_VALOR,ST_ACTIVO) VALUES(4,20,'P','A');
  INSERT INTO APDIGB.TBG006_FLAG_PLANTILLA(CD_FLAG,CD_PLANTILLA,ST_VALOR,ST_ACTIVO) VALUES(7,20,'P','A');
  
  COMMIT;
  
END;